#
# A fatal error has been detected by the Java Runtime Environment:
#
#  SIGSEGV (0xb) at pc=0x00007ffffe9e7a6e, pid=7, tid=360
#
# JRE version: OpenJDK Runtime Environment (11.0.24+8) (build 11.0.24+8-post-Ubuntu-1ubuntu322.04)
# Java VM: OpenJDK 64-Bit Server VM (11.0.24+8-post-Ubuntu-1ubuntu322.04, mixed mode, sharing, tiered, compressed oops, g1 gc, linux-amd64)
# Problematic frame:
# V  [libjvm.so+0x759a6e]  G1ParEvacuateFollowersClosure::do_void()+0x20e
#
# No core dump will be written. Core dumps have been disabled. To enable core dumping, try "ulimit -c unlimited" before starting Java again
#
# If you would like to submit a bug report, please visit:
#   https://bugs.launchpad.net/ubuntu/+source/openjdk-lts
#

---------------  S U M M A R Y ------------

Command Line: us.kbase.mobu.ModuleBuilder test

Host: x86_64, 14 cores, 7G, Ubuntu 22.04.4 LTS
Time: Thu Jun 25 16:58:19 2026 UTC elapsed time: 197.828588 seconds (0d 0h 3m 17s)

---------------  T H R E A D  ---------------

Current thread (0x00007fffb4008000):  GCTaskThread "GC Thread#5" [stack: 0x00007fffca7fe000,0x00007fffca8fe000] [id=360]

Stack: [0x00007fffca7fe000,0x00007fffca8fe000],  sp=0x00007fffca8fcba0,  free space=1018k
Native frames: (J=compiled Java code, A=aot compiled Java code, j=interpreted, Vv=VM code, C=native code)
V  [libjvm.so+0x759a6e]  G1ParEvacuateFollowersClosure::do_void()+0x20e
V  [libjvm.so+0x761702]  G1ParTask::work(unsigned int)+0x172
V  [libjvm.so+0xedb1be]  GangWorker::loop()+0x4e
V  [libjvm.so+0xe3f020]  Thread::call_run()+0x140
V  [libjvm.so+0xbfae9e]  thread_native_entry(Thread*)+0xee


siginfo: si_signo: 11 (SIGSEGV), si_code: 1 (SEGV_MAPERR), si_addr: 0x0000000000000000

Register to memory mapping:

RAX=0x00007ffec4015e10 points into unknown readable memory: 0x00007fffff417d90 | 90 7d 41 ff ff 7f 00 00
RBX=0x00007ffff8035e40 points into unknown readable memory: 0x00007fffff416f88 | 88 6f 41 ff ff 7f 00 00
RCX=0x00000454000002e1 is an unknown value
RDX=0x00007ffff8036480 points into unknown readable memory: 0x00000454000002ea | ea 02 00 00 54 04 00 00
RSP=0x00007fffca8fcba0 points into unknown readable memory: 0x0000000000000000 | 00 00 00 00 00 00 00 00
RBP=0x00007fffca8fcc20 points into unknown readable memory: 0x00007fffca8fcd60 | 60 cd 8f ca ff 7f 00 00
RSI=0x00007fffca8fcbe8 points into unknown readable memory: 0x0000000000000000 | 00 00 00 00 00 00 00 00
RDI=0x00007ffff8036400 points into unknown readable memory: 0x0000000000000091 | 91 00 00 00 00 00 00 00
R8 =0x00007ffff80365c0 points into unknown readable memory: 0x0000000000000215 | 15 02 00 00 00 00 00 00
R9 =0x0 is NULL
R10=0x0000000000000001 is an unknown value
R11=0x0000000000000002 is an unknown value
R12=0x0 is NULL
R13=0x00007ffec4015fa8 points into unknown readable memory: 0x0000000368e31934 | 34 19 e3 68 03 00 00 00
R14=0x00007fffca8fcbe8 points into unknown readable memory: 0x0000000000000000 | 00 00 00 00 00 00 00 00
R15=0x0000000000000003 is an unknown value


Registers:
RAX=0x00007ffec4015e10, RBX=0x00007ffff8035e40, RCX=0x00000454000002e1, RDX=0x00007ffff8036480
RSP=0x00007fffca8fcba0, RBP=0x00007fffca8fcc20, RSI=0x00007fffca8fcbe8, RDI=0x00007ffff8036400
R8 =0x00007ffff80365c0, R9 =0x0000000000000000, R10=0x0000000000000001, R11=0x0000000000000002
R12=0x0000000000000000, R13=0x00007ffec4015fa8, R14=0x00007fffca8fcbe8, R15=0x0000000000000003
RIP=0x00007ffffe9e7a6e, EFLAGS=0x0000000000000243, CSGSFS=0x00007ffec4010033, ERR=0x0000000000000004
  TRAPNO=0x000000000000000e

Top of Stack: (sp=0x00007fffca8fcba0)
0x00007fffca8fcba0:   0000000000000000 0000000000000000
0x00007fffca8fcbb0:   0000000000000000 0000000000000000
0x00007fffca8fcbc0:   0000000000000000 0000000000000000
0x00007fffca8fcbd0:   00007fffca8fccf0 00007ffec4015e10 

Instructions: (pc=0x00007ffffe9e7a6e)
0x00007ffffe9e796e:   c8 83 e0 07 48 83 f8 05 0f 84 c9 09 00 00 48 89
0x00007ffffe9e797e:   ca 4c 89 e0 48 83 e2 fc 48 31 d0 48 89 d6 89 f9
0x00007ffffe9e798e:   4c 29 ce 48 d3 ee 48 8d 0d 61 75 b3 00 41 89 34
0x00007ffffe9e799e:   24 8b 09 48 d3 e8 48 85 c0 74 4f 48 8b 45 b8 48
0x00007ffffe9e79ae:   8b 40 08 8b 88 c0 02 00 00 48 8b b0 b0 02 00 00
0x00007ffffe9e79be:   4c 89 e0 48 d3 e8 48 8b 04 c6 8b 80 04 01 00 00
0x00007ffffe9e79ce:   a8 02 75 26 48 89 d0 48 d3 e8 48 8b 04 c6 48 8b
0x00007ffffe9e79de:   80 f8 00 00 00 8b b8 18 01 00 00 85 ff 0f 85 45
0x00007ffffe9e79ee:   01 00 00 0f 1f 80 00 00 00 00 48 8b 7d b8 e8 5f
0x00007ffffe9e79fe:   2a 04 00 e9 aa fe ff ff 66 2e 0f 1f 84 00 00 00
0x00007ffffe9e7a0e:   00 00 4c 8b 7d b0 49 83 47 18 01 e8 b2 9b 49 00
0x00007ffffe9e7a1e:   49 8b 7f 38 31 f6 f2 41 0f 11 47 08 48 8b 07 ff
0x00007ffffe9e7a2e:   50 08 89 c3 e8 99 9b 49 00 f2 41 0f 5c 47 08 f2
0x00007ffffe9e7a3e:   41 0f 58 47 10 f2 41 0f 11 47 10 84 db 0f 84 47
0x00007ffffe9e7a4e:   fe ff ff 48 83 c4 58 5b 41 5c 41 5d 41 5e 41 5f
0x00007ffffe9e7a5e:   5d c3 41 f6 c4 02 0f 85 16 01 00 00 48 8b 45 b8
0x00007ffffe9e7a6e:   49 8b 14 24 48 8b 70 08 48 89 d0 8b 8e f0 06 00
0x00007ffffe9e7a7e:   00 48 d3 e8 48 8b 8e e0 06 00 00 44 0f b6 04 01
0x00007ffffe9e7a8e:   45 84 c0 0f 8e a3 05 00 00 48 8b 0a 48 89 c8 83
0x00007ffffe9e7a9e:   e0 03 48 83 f8 03 0f 85 9f 06 00 00 48 8d 05 67
0x00007ffffe9e7aae:   d6 ae 00 80 38 00 74 10 48 89 c8 83 e0 07 48 83
0x00007ffffe9e7abe:   f8 05 0f 84 d1 08 00 00 48 89 ca 48 83 e2 fc 48
0x00007ffffe9e7ace:   89 d0 4c 31 e0 48 8d 0d 22 74 b3 00 49 89 14 24
0x00007ffffe9e7ade:   8b 09 48 d3 e8 48 85 c0 0f 84 0c ff ff ff 48 8b
0x00007ffffe9e7aee:   45 b8 4c 89 e6 48 8b 40 08 8b 88 c0 02 00 00 48
0x00007ffffe9e7afe:   8b 80 b0 02 00 00 48 d3 ee 48 8b 34 f0 8b b6 04
0x00007ffffe9e7b0e:   01 00 00 83 e6 02 0f 85 de fe ff ff 48 d3 ea 48
0x00007ffffe9e7b1e:   8b 04 d0 48 8b 80 f8 00 00 00 8b b0 18 01 00 00
0x00007ffffe9e7b2e:   85 f6 0f 84 c2 fe ff ff 4c 8b 7d b8 49 c1 ec 09
0x00007ffffe9e7b3e:   49 8b 7f 50 4c 03 67 48 4c 2b 67 40 4c 89 e6 e8
0x00007ffffe9e7b4e:   be 2c ff ff 84 c0 0f 84 9e fe ff ff 49 8b 47 50
0x00007ffffe9e7b5e:   41 80 7f 28 00 48 8b 70 40 0f 84 8b fe ff ff 4c 


Stack slot to memory mapping:
stack at sp + 0 slots: 0x0 is NULL
stack at sp + 1 slots: 0x0 is NULL
stack at sp + 2 slots: 0x0 is NULL
stack at sp + 3 slots: 0x0 is NULL
stack at sp + 4 slots: 0x0 is NULL
stack at sp + 5 slots: 0x0 is NULL
stack at sp + 6 slots: 0x00007fffca8fccf0 points into unknown readable memory: 0x00007fffff4170f8 | f8 70 41 ff ff 7f 00 00
stack at sp + 7 slots: 0x00007ffec4015e10 points into unknown readable memory: 0x00007fffff417d90 | 90 7d 41 ff ff 7f 00 00


---------------  P R O C E S S  ---------------

Threads class SMR info:
_java_thread_list=0x00007fff841296a0, length=29, elements={
0x00007ffff801c000, 0x00007ffff8134000, 0x00007ffff8136000, 0x00007ffff813b000,
0x00007ffff813d000, 0x00007ffff813f000, 0x00007ffff8141000, 0x00007ffff8143000,
0x00007ffff8197800, 0x00007ffff8652800, 0x00007ffff8780000, 0x00007ffff8787800,
0x00007ffff878b800, 0x00007ffff878c800, 0x00007ffff8781000, 0x00007ffff8782000,
0x00007ffff877a800, 0x00007ffff8784000, 0x00007ffff878d800, 0x00007ffff87a6800,
0x00007ffff87aa800, 0x00007fff2c04f800, 0x00007fff3c1bf000, 0x00007fff3c1c0800,
0x00007fff3c19a800, 0x00007fff14006000, 0x00007ffe94002800, 0x00007fff84127000,
0x00007fff84128800
}

Java Threads: ( => current thread )
  0x00007ffff801c000 JavaThread "main" [_thread_blocked, id=8, stack(0x00007ffffde5b000,0x00007ffffdf5b000)]
  0x00007ffff8134000 JavaThread "Reference Handler" daemon [_thread_blocked, id=15, stack(0x00007fffd10fa000,0x00007fffd11fa000)]
  0x00007ffff8136000 JavaThread "Finalizer" daemon [_thread_blocked, id=16, stack(0x00007fffd0ffa000,0x00007fffd10fa000)]
  0x00007ffff813b000 JavaThread "Signal Dispatcher" daemon [_thread_blocked, id=17, stack(0x00007fffd0efa000,0x00007fffd0ffa000)]
  0x00007ffff813d000 JavaThread "Service Thread" daemon [_thread_blocked, id=18, stack(0x00007fffd0dfa000,0x00007fffd0efa000)]
  0x00007ffff813f000 JavaThread "C2 CompilerThread0" daemon [_thread_blocked, id=19, stack(0x00007fffd0cfa000,0x00007fffd0dfa000)]
  0x00007ffff8141000 JavaThread "C1 CompilerThread0" daemon [_thread_blocked, id=20, stack(0x00007fffd0bfa000,0x00007fffd0cfa000)]
  0x00007ffff8143000 JavaThread "Sweeper thread" daemon [_thread_blocked, id=21, stack(0x00007fffd0afa000,0x00007fffd0bfa000)]
  0x00007ffff8197800 JavaThread "Common-Cleaner" daemon [_thread_blocked, id=23, stack(0x00007fffd08f9000,0x00007fffd09f9000)]
  0x00007ffff8652800 JavaThread "process reaper (pid 212)" daemon [_thread_in_native, id=34, stack(0x00007fffd801b000,0x00007fffd803d000)]
  0x00007ffff8780000 JavaThread "qtp501608687-33 - Acceptor0 SelectChannelConnector@0.0.0.0:36441" [_thread_in_native, id=200, stack(0x00007fffd02f7000,0x00007fffd03f7000)]
  0x00007ffff8787800 JavaThread "qtp501608687-34" [_thread_blocked, id=201, stack(0x00007fffd07f9000,0x00007fffd08f9000)]
  0x00007ffff878b800 JavaThread "qtp501608687-35" [_thread_blocked, id=202, stack(0x00007fffcb700000,0x00007fffcb800000)]
  0x00007ffff878c800 JavaThread "qtp501608687-36" [_thread_blocked, id=203, stack(0x00007fffcb600000,0x00007fffcb700000)]
  0x00007ffff8781000 JavaThread "qtp501608687-37" [_thread_blocked, id=204, stack(0x00007fffcb500000,0x00007fffcb600000)]
  0x00007ffff8782000 JavaThread "qtp501608687-38" [_thread_blocked, id=205, stack(0x00007fffcb400000,0x00007fffcb500000)]
  0x00007ffff877a800 JavaThread "qtp501608687-39" [_thread_blocked, id=206, stack(0x00007fffcb300000,0x00007fffcb400000)]
  0x00007ffff8784000 JavaThread "qtp501608687-40" [_thread_blocked, id=207, stack(0x00007fffcb200000,0x00007fffcb300000)]
  0x00007ffff878d800 JavaThread "HashSessionScavenger-0" daemon [_thread_blocked, id=208, stack(0x00007fffcb100000,0x00007fffcb200000)]
  0x00007ffff87a6800 JavaThread "Thread-26" [_thread_in_native, id=213, stack(0x00007fffcad00000,0x00007fffcae00000)]
  0x00007ffff87aa800 JavaThread "Thread-27" [_thread_in_native, id=214, stack(0x00007fffcae00000,0x00007fffcaf00000)]
  0x00007fff2c04f800 JavaThread "pool-1-thread-1" [_thread_blocked, id=238, stack(0x00007fffcbd00000,0x00007fffcbe00000)]
  0x00007fff3c1bf000 JavaThread "process reaper (pid 355)" daemon [_thread_in_native, id=240, stack(0x00007fffd0001000,0x00007fffd0023000)]
  0x00007fff3c1c0800 JavaThread "Thread-38" [_thread_in_native, id=356, stack(0x00007fffcac00000,0x00007fffcad00000)]
  0x00007fff3c19a800 JavaThread "Thread-39" [_thread_in_native, id=357, stack(0x00007fffcab00000,0x00007fffcac00000)]
  0x00007fff14006000 JavaThread "pool-1-thread-2" [_thread_blocked, id=386, stack(0x00007fffca1f8000,0x00007fffca2f8000)]
  0x00007ffe94002800 JavaThread "process reaper" daemon [_thread_blocked, id=388, stack(0x00007fffcbcde000,0x00007fffcbd00000)]
  0x00007fff84127000 JavaThread "C2 CompilerThread1" daemon [_thread_blocked, id=456, stack(0x00007fffca0f8000,0x00007fffca1f8000)]
  0x00007fff84128800 JavaThread "C2 CompilerThread2" daemon [_thread_blocked, id=457, stack(0x00007fffc9ff8000,0x00007fffca0f8000)]

Other Threads:
  0x00007ffff8131000 VMThread "VM Thread" [stack: 0x00007fffd11fb000,0x00007fffd12fb000] [id=14]
  0x00007ffff8195000 WatcherThread [stack: 0x00007fffd09fa000,0x00007fffd0afa000] [id=22]
  0x00007ffff8034800 GCTaskThread "GC Thread#0" [stack: 0x00007ffffd8e7000,0x00007ffffd9e7000] [id=9]
  0x00007fffb4001000 GCTaskThread "GC Thread#1" [stack: 0x00007fffd06f9000,0x00007fffd07f9000] [id=25]
  0x00007fffb4002000 GCTaskThread "GC Thread#2" [stack: 0x00007fffd05f8000,0x00007fffd06f8000] [id=26]
  0x00007fffb4005000 GCTaskThread "GC Thread#3" [stack: 0x00007fffcaa00000,0x00007fffcab00000] [id=358]
  0x00007fffb4006800 GCTaskThread "GC Thread#4" [stack: 0x00007fffca8ff000,0x00007fffca9ff000] [id=359]
=>0x00007fffb4008000 GCTaskThread "GC Thread#5" [stack: 0x00007fffca7fe000,0x00007fffca8fe000] [id=360]
  0x00007fffb4009800 GCTaskThread "GC Thread#6" [stack: 0x00007fffca6fd000,0x00007fffca7fd000] [id=361]
  0x00007fffb400b000 GCTaskThread "GC Thread#7" [stack: 0x00007fffca5fc000,0x00007fffca6fc000] [id=362]
  0x00007fffb400d000 GCTaskThread "GC Thread#8" [stack: 0x00007fffca4fb000,0x00007fffca5fb000] [id=363]
  0x00007fffb400f000 GCTaskThread "GC Thread#9" [stack: 0x00007fffca3fa000,0x00007fffca4fa000] [id=364]
  0x00007fffb4010800 GCTaskThread "GC Thread#10" [stack: 0x00007fffca2f9000,0x00007fffca3f9000] [id=365]
  0x00007ffff8066000 ConcurrentGCThread "G1 Main Marker" [stack: 0x00007ffffc0a3000,0x00007ffffc1a3000] [id=10]
  0x00007ffff8067800 ConcurrentGCThread "G1 Conc#0" [stack: 0x00007fffe06cf000,0x00007fffe07cf000] [id=11]
  0x00007fffd4001000 ConcurrentGCThread "G1 Conc#1" [stack: 0x00007fffc94ee000,0x00007fffc95ee000] [id=468]
  0x00007fffd4002800 ConcurrentGCThread "G1 Conc#2" [stack: 0x00007fffc93ed000,0x00007fffc94ed000] [id=469]
  0x00007ffff80fd000 ConcurrentGCThread "G1 Refine#0" [stack: 0x00007fffd1bfd000,0x00007fffd1cfd000] [id=12]
  0x00007fffc4001800 ConcurrentGCThread "G1 Refine#1" [stack: 0x00007fffc9ef8000,0x00007fffc9ff8000] [id=458]
  0x00007ffe74001000 ConcurrentGCThread "G1 Refine#2" [stack: 0x00007fffc9df7000,0x00007fffc9ef7000] [id=459]
  0x00007ffe6c001000 ConcurrentGCThread "G1 Refine#3" [stack: 0x00007fffc9cf6000,0x00007fffc9df6000] [id=460]
  0x00007ffe64001000 ConcurrentGCThread "G1 Refine#4" [stack: 0x00007fffc9bf5000,0x00007fffc9cf5000] [id=461]
  0x00007ffe5c001000 ConcurrentGCThread "G1 Refine#5" [stack: 0x00007fffc9af4000,0x00007fffc9bf4000] [id=462]
  0x00007ffe54001000 ConcurrentGCThread "G1 Refine#6" [stack: 0x00007fffc99f3000,0x00007fffc9af3000] [id=463]
  0x00007ffe4c001000 ConcurrentGCThread "G1 Refine#7" [stack: 0x00007fffc98f2000,0x00007fffc99f2000] [id=464]
  0x00007ffe44001000 ConcurrentGCThread "G1 Refine#8" [stack: 0x00007fffc97f1000,0x00007fffc98f1000] [id=465]
  0x00007ffe3c001000 ConcurrentGCThread "G1 Refine#9" [stack: 0x00007fffc96f0000,0x00007fffc97f0000] [id=466]
  0x00007ffe34001000 ConcurrentGCThread "G1 Refine#10" [stack: 0x00007fffc95ef000,0x00007fffc96ef000] [id=467]
  0x00007ffff80ff000 ConcurrentGCThread "G1 Young RemSet Sampling" [stack: 0x00007fffd1afc000,0x00007fffd1bfc000] [id=13]

Threads with active compile tasks:

VM state:at safepoint (normal execution)

VM Mutex/Monitor currently owned by a thread:  ([mutex/lock_event])
[0x00007ffff8013910] Threads_lock - owner thread: 0x00007ffff8131000
[0x00007ffff80140f0] Heap_lock - owner thread: 0x00007fff14006000

Heap address: 0x0000000085800000, size: 1960 MB, Compressed Oops mode: 32-bit
Narrow klass base: 0x0000000800000000, Narrow klass shift: 3
Compressed class space size: 1073741824 Address: 0x0000000840000000

Heap:
 garbage-first heap   total 129024K, used 83152K [0x0000000085800000, 0x0000000100000000)
  region size 1024K, 6 young (6144K), 1 survivors (1024K)
 Metaspace       used 20003K, capacity 20444K, committed 20608K, reserved 1067008K
  class space    used 2224K, capacity 2368K, committed 2432K, reserved 1048576K
Heap Regions: E=young(eden), S=young(survivor), O=old, HS=humongous(starts), HC=humongous(continues), CS=collection set, F=free, A=archive, TAMS=top-at-mark-start (previous, next)
|   0|0x0000000085800000, 0x0000000085900000, 0x0000000085900000|100%| O|  |TAMS 0x0000000085800000, 0x0000000085900000| Untracked 
|   1|0x0000000085900000, 0x0000000085a00000, 0x0000000085a00000|100%| O|  |TAMS 0x0000000085900000, 0x0000000085a00000| Untracked 
|   2|0x0000000085a00000, 0x0000000085b00000, 0x0000000085b00000|100%| O|  |TAMS 0x0000000085a00000, 0x0000000085b00000| Untracked 
|   3|0x0000000085b00000, 0x0000000085c00000, 0x0000000085c00000|100%| O|  |TAMS 0x0000000085b00000, 0x0000000085c00000| Untracked 
|   4|0x0000000085c00000, 0x0000000085d00000, 0x0000000085d00000|100%| O|  |TAMS 0x0000000085c00000, 0x0000000085d00000| Untracked 
|   5|0x0000000085d00000, 0x0000000085e00000, 0x0000000085e00000|100%| O|  |TAMS 0x0000000085d00000, 0x0000000085e00000| Untracked 
|   6|0x0000000085e00000, 0x0000000085f00000, 0x0000000085f00000|100%| O|  |TAMS 0x0000000085e00000, 0x0000000085f00000| Untracked 
|   7|0x0000000085f00000, 0x0000000086000000, 0x0000000086000000|100%| O|  |TAMS 0x0000000085f00000, 0x0000000086000000| Untracked 
|   8|0x0000000086000000, 0x0000000086100000, 0x0000000086100000|100%| O|  |TAMS 0x0000000086000000, 0x0000000086100000| Untracked 
|   9|0x0000000086100000, 0x0000000086200000, 0x0000000086200000|100%| O|  |TAMS 0x0000000086100000, 0x0000000086200000| Untracked 
|  10|0x0000000086200000, 0x0000000086300000, 0x0000000086300000|100%| O|  |TAMS 0x0000000086200000, 0x0000000086300000| Untracked 
|  11|0x0000000086300000, 0x0000000086400000, 0x0000000086400000|100%| O|  |TAMS 0x0000000086300000, 0x0000000086400000| Untracked 
|  12|0x0000000086400000, 0x0000000086500000, 0x0000000086500000|100%| O|  |TAMS 0x0000000086400000, 0x0000000086500000| Untracked 
|  13|0x0000000086500000, 0x0000000086600000, 0x0000000086600000|100%| O|  |TAMS 0x0000000086500000, 0x0000000086600000| Untracked 
|  14|0x0000000086600000, 0x0000000086700000, 0x0000000086700000|100%| O|  |TAMS 0x0000000086600000, 0x0000000086700000| Untracked 
|  15|0x0000000086700000, 0x0000000086800000, 0x0000000086800000|100%| O|  |TAMS 0x0000000086700000, 0x0000000086800000| Untracked 
|  16|0x0000000086800000, 0x0000000086900000, 0x0000000086900000|100%| O|  |TAMS 0x0000000086800000, 0x0000000086900000| Untracked 
|  17|0x0000000086900000, 0x0000000086a00000, 0x0000000086a00000|100%| O|  |TAMS 0x0000000086900000, 0x0000000086a00000| Untracked 
|  18|0x0000000086a00000, 0x0000000086b00000, 0x0000000086b00000|100%| O|  |TAMS 0x0000000086a00000, 0x0000000086b00000| Untracked 
|  19|0x0000000086b00000, 0x0000000086c00000, 0x0000000086c00000|100%| O|  |TAMS 0x0000000086b00000, 0x0000000086c00000| Untracked 
|  20|0x0000000086c00000, 0x0000000086d00000, 0x0000000086d00000|100%| O|  |TAMS 0x0000000086c00000, 0x0000000086d00000| Untracked 
|  21|0x0000000086d00000, 0x0000000086e00000, 0x0000000086e00000|100%| O|  |TAMS 0x0000000086d00000, 0x0000000086e00000| Untracked 
|  22|0x0000000086e00000, 0x0000000086f00000, 0x0000000086f00000|100%| O|  |TAMS 0x0000000086e00000, 0x0000000086f00000| Untracked 
|  23|0x0000000086f00000, 0x0000000087000000, 0x0000000087000000|100%| O|  |TAMS 0x0000000086f00000, 0x0000000087000000| Untracked 
|  24|0x0000000087000000, 0x0000000087100000, 0x0000000087100000|100%| O|  |TAMS 0x0000000087000000, 0x0000000087100000| Untracked 
|  25|0x0000000087100000, 0x0000000087200000, 0x0000000087200000|100%| O|  |TAMS 0x0000000087100000, 0x0000000087200000| Untracked 
|  26|0x0000000087200000, 0x0000000087300000, 0x0000000087300000|100%| O|  |TAMS 0x0000000087200000, 0x0000000087300000| Untracked 
|  27|0x0000000087300000, 0x0000000087400000, 0x0000000087400000|100%| O|  |TAMS 0x0000000087300000, 0x0000000087400000| Untracked 
|  28|0x0000000087400000, 0x0000000087500000, 0x0000000087500000|100%| O|  |TAMS 0x0000000087400000, 0x0000000087500000| Untracked 
|  29|0x0000000087500000, 0x0000000087600000, 0x0000000087600000|100%| O|  |TAMS 0x0000000087500000, 0x0000000087600000| Untracked 
|  30|0x0000000087600000, 0x0000000087700000, 0x0000000087700000|100%| O|  |TAMS 0x0000000087600000, 0x0000000087700000| Untracked 
|  31|0x0000000087700000, 0x0000000087800000, 0x0000000087800000|100%| O|  |TAMS 0x0000000087700000, 0x0000000087800000| Untracked 
|  32|0x0000000087800000, 0x0000000087900000, 0x0000000087900000|100%| O|  |TAMS 0x0000000087800000, 0x0000000087900000| Untracked 
|  33|0x0000000087900000, 0x0000000087a00000, 0x0000000087a00000|100%| O|  |TAMS 0x0000000087900000, 0x0000000087a00000| Untracked 
|  34|0x0000000087a00000, 0x0000000087b00000, 0x0000000087b00000|100%| O|  |TAMS 0x0000000087a00000, 0x0000000087b00000| Untracked 
|  35|0x0000000087b00000, 0x0000000087c00000, 0x0000000087c00000|100%| O|  |TAMS 0x0000000087b00000, 0x0000000087c00000| Untracked 
|  36|0x0000000087c00000, 0x0000000087d00000, 0x0000000087d00000|100%| O|  |TAMS 0x0000000087c00000, 0x0000000087d00000| Untracked 
|  37|0x0000000087d00000, 0x0000000087e00000, 0x0000000087e00000|100%| O|  |TAMS 0x0000000087d00000, 0x0000000087e00000| Untracked 
|  38|0x0000000087e00000, 0x0000000087f00000, 0x0000000087f00000|100%| O|  |TAMS 0x0000000087e00000, 0x0000000087f00000| Untracked 
|  39|0x0000000087f00000, 0x0000000088000000, 0x0000000088000000|100%| O|  |TAMS 0x0000000087f00000, 0x0000000088000000| Untracked 
|  40|0x0000000088000000, 0x0000000088100000, 0x0000000088100000|100%| O|  |TAMS 0x0000000088000000, 0x0000000088100000| Untracked 
|  41|0x0000000088100000, 0x0000000088200000, 0x0000000088200000|100%| O|  |TAMS 0x0000000088100000, 0x0000000088200000| Untracked 
|  42|0x0000000088200000, 0x0000000088300000, 0x0000000088300000|100%| O|  |TAMS 0x0000000088200000, 0x0000000088300000| Untracked 
|  43|0x0000000088300000, 0x0000000088400000, 0x0000000088400000|100%| O|  |TAMS 0x0000000088300000, 0x0000000088400000| Untracked 
|  44|0x0000000088400000, 0x0000000088500000, 0x0000000088500000|100%| O|  |TAMS 0x0000000088400000, 0x0000000088500000| Untracked 
|  45|0x0000000088500000, 0x0000000088600000, 0x0000000088600000|100%| O|  |TAMS 0x0000000088500000, 0x0000000088600000| Untracked 
|  46|0x0000000088600000, 0x0000000088700000, 0x0000000088700000|100%| O|  |TAMS 0x0000000088600000, 0x0000000088700000| Untracked 
|  47|0x0000000088700000, 0x0000000088800000, 0x0000000088800000|100%| O|  |TAMS 0x0000000088700000, 0x0000000088800000| Untracked 
|  48|0x0000000088800000, 0x0000000088900000, 0x0000000088900000|100%| O|  |TAMS 0x0000000088800000, 0x0000000088900000| Untracked 
|  49|0x0000000088900000, 0x0000000088a00000, 0x0000000088a00000|100%| O|  |TAMS 0x0000000088900000, 0x0000000088a00000| Untracked 
|  50|0x0000000088a00000, 0x0000000088b00000, 0x0000000088b00000|100%| O|  |TAMS 0x0000000088a00000, 0x0000000088b00000| Untracked 
|  51|0x0000000088b00000, 0x0000000088c00000, 0x0000000088c00000|100%| O|  |TAMS 0x0000000088b00000, 0x0000000088c00000| Untracked 
|  52|0x0000000088c00000, 0x0000000088d00000, 0x0000000088d00000|100%| O|  |TAMS 0x0000000088c00000, 0x0000000088d00000| Untracked 
|  53|0x0000000088d00000, 0x0000000088e00000, 0x0000000088e00000|100%| O|  |TAMS 0x0000000088d00000, 0x0000000088e00000| Untracked 
|  54|0x0000000088e00000, 0x0000000088f00000, 0x0000000088f00000|100%| O|  |TAMS 0x0000000088e00000, 0x0000000088f00000| Untracked 
|  55|0x0000000088f00000, 0x0000000089000000, 0x0000000089000000|100%| O|  |TAMS 0x0000000088f00000, 0x0000000088f80000| Untracked 
|  56|0x0000000089000000, 0x0000000089100000, 0x0000000089100000|100%| O|  |TAMS 0x0000000089000000, 0x0000000089000000| Untracked 
|  57|0x0000000089100000, 0x0000000089200000, 0x0000000089200000|100%| O|  |TAMS 0x0000000089100000, 0x0000000089100000| Untracked 
|  58|0x0000000089200000, 0x0000000089300000, 0x0000000089300000|100%| O|  |TAMS 0x0000000089200000, 0x0000000089300000| Untracked 
|  59|0x0000000089300000, 0x0000000089400000, 0x0000000089400000|100%| O|  |TAMS 0x0000000089300000, 0x0000000089400000| Untracked 
|  60|0x0000000089400000, 0x0000000089500000, 0x0000000089500000|100%| O|  |TAMS 0x0000000089400000, 0x0000000089500000| Untracked 
|  61|0x0000000089500000, 0x0000000089600000, 0x0000000089600000|100%| O|  |TAMS 0x0000000089500000, 0x0000000089600000| Untracked 
|  62|0x0000000089600000, 0x0000000089700000, 0x0000000089700000|100%| O|  |TAMS 0x0000000089600000, 0x0000000089700000| Untracked 
|  63|0x0000000089700000, 0x0000000089800000, 0x0000000089800000|100%| O|  |TAMS 0x0000000089700000, 0x0000000089800000| Untracked 
|  64|0x0000000089800000, 0x0000000089900000, 0x0000000089900000|100%| O|  |TAMS 0x0000000089800000, 0x0000000089900000| Untracked 
|  65|0x0000000089900000, 0x0000000089a00000, 0x0000000089a00000|100%| O|  |TAMS 0x0000000089900000, 0x0000000089a00000| Untracked 
|  66|0x0000000089a00000, 0x0000000089b00000, 0x0000000089b00000|100%| O|  |TAMS 0x0000000089a00000, 0x0000000089b00000| Untracked 
|  67|0x0000000089b00000, 0x0000000089c00000, 0x0000000089c00000|100%| O|  |TAMS 0x0000000089b00000, 0x0000000089c00000| Untracked 
|  68|0x0000000089c00000, 0x0000000089d00000, 0x0000000089d00000|100%| O|  |TAMS 0x0000000089c00000, 0x0000000089d00000| Untracked 
|  69|0x0000000089d00000, 0x0000000089e00000, 0x0000000089e00000|100%| O|  |TAMS 0x0000000089d00000, 0x0000000089e00000| Untracked 
|  70|0x0000000089e00000, 0x0000000089f00000, 0x0000000089f00000|100%| O|  |TAMS 0x0000000089e00000, 0x0000000089f00000| Untracked 
|  71|0x0000000089f00000, 0x000000008a000000, 0x000000008a000000|100%| O|  |TAMS 0x0000000089f00000, 0x000000008a000000| Untracked 
|  72|0x000000008a000000, 0x000000008a100000, 0x000000008a100000|100%| O|  |TAMS 0x000000008a000000, 0x000000008a100000| Untracked 
|  73|0x000000008a100000, 0x000000008a200000, 0x000000008a200000|100%| O|  |TAMS 0x000000008a100000, 0x000000008a200000| Untracked 
|  74|0x000000008a200000, 0x000000008a300000, 0x000000008a300000|100%| O|  |TAMS 0x000000008a200000, 0x000000008a300000| Untracked 
|  75|0x000000008a300000, 0x000000008a400000, 0x000000008a400000|100%| O|  |TAMS 0x000000008a300000, 0x000000008a400000| Untracked 
|  76|0x000000008a400000, 0x000000008a500000, 0x000000008a500000|100%| O|  |TAMS 0x000000008a400000, 0x000000008a500000| Untracked 
|  77|0x000000008a500000, 0x000000008a600000, 0x000000008a600000|100%| O|  |TAMS 0x000000008a500000, 0x000000008a500000| Untracked 
|  78|0x000000008a600000, 0x000000008a700000, 0x000000008a700000|100%| O|  |TAMS 0x000000008a600000, 0x000000008a600000| Untracked 
|  79|0x000000008a700000, 0x000000008a79aa58, 0x000000008a800000| 60%| O|  |TAMS 0x000000008a700000, 0x000000008a700000| Untracked 
|  80|0x000000008a800000, 0x000000008a800000, 0x000000008a900000|  0%| F|  |TAMS 0x000000008a800000, 0x000000008a800000| Untracked 
|  81|0x000000008a900000, 0x000000008a900000, 0x000000008aa00000|  0%| F|  |TAMS 0x000000008a900000, 0x000000008a900000| Untracked 
|  82|0x000000008aa00000, 0x000000008aa00000, 0x000000008ab00000|  0%| F|  |TAMS 0x000000008aa00000, 0x000000008aa00000| Untracked 
|  83|0x000000008ab00000, 0x000000008ab00000, 0x000000008ac00000|  0%| F|  |TAMS 0x000000008ab00000, 0x000000008ab00000| Untracked 
|  84|0x000000008ac00000, 0x000000008ac00000, 0x000000008ad00000|  0%| F|  |TAMS 0x000000008ac00000, 0x000000008ac00000| Untracked 
|  85|0x000000008ad00000, 0x000000008ad00000, 0x000000008ae00000|  0%| F|  |TAMS 0x000000008ad00000, 0x000000008ad00000| Untracked 
|  86|0x000000008ae00000, 0x000000008ae00000, 0x000000008af00000|  0%| F|  |TAMS 0x000000008ae00000, 0x000000008ae00000| Untracked 
|  87|0x000000008af00000, 0x000000008af00000, 0x000000008b000000|  0%| F|  |TAMS 0x000000008af00000, 0x000000008af00000| Untracked 
|  88|0x000000008b000000, 0x000000008b000000, 0x000000008b100000|  0%| F|  |TAMS 0x000000008b000000, 0x000000008b000000| Untracked 
|  89|0x000000008b100000, 0x000000008b100000, 0x000000008b200000|  0%| F|  |TAMS 0x000000008b100000, 0x000000008b100000| Untracked 
|  90|0x000000008b200000, 0x000000008b200000, 0x000000008b300000|  0%| F|  |TAMS 0x000000008b200000, 0x000000008b200000| Untracked 
|  91|0x000000008b300000, 0x000000008b300000, 0x000000008b400000|  0%| F|  |TAMS 0x000000008b300000, 0x000000008b300000| Untracked 
|  92|0x000000008b400000, 0x000000008b400000, 0x000000008b500000|  0%| F|  |TAMS 0x000000008b400000, 0x000000008b400000| Untracked 
|  93|0x000000008b500000, 0x000000008b500000, 0x000000008b600000|  0%| F|  |TAMS 0x000000008b500000, 0x000000008b500000| Untracked 
|  94|0x000000008b600000, 0x000000008b600000, 0x000000008b700000|  0%| F|  |TAMS 0x000000008b600000, 0x000000008b600000| Untracked 
|  95|0x000000008b700000, 0x000000008b700000, 0x000000008b800000|  0%| F|  |TAMS 0x000000008b700000, 0x000000008b700000| Untracked 
|  96|0x000000008b800000, 0x000000008b800000, 0x000000008b900000|  0%| F|  |TAMS 0x000000008b800000, 0x000000008b800000| Untracked 
|  97|0x000000008b900000, 0x000000008b900000, 0x000000008ba00000|  0%| F|  |TAMS 0x000000008b900000, 0x000000008b900000| Untracked 
|  98|0x000000008ba00000, 0x000000008ba00000, 0x000000008bb00000|  0%| F|  |TAMS 0x000000008ba00000, 0x000000008ba00000| Untracked 
|  99|0x000000008bb00000, 0x000000008bb00000, 0x000000008bc00000|  0%| F|  |TAMS 0x000000008bb00000, 0x000000008bb00000| Untracked 
| 100|0x000000008bc00000, 0x000000008bc00000, 0x000000008bd00000|  0%| F|  |TAMS 0x000000008bc00000, 0x000000008bc00000| Untracked 
| 101|0x000000008bd00000, 0x000000008bd00000, 0x000000008be00000|  0%| F|  |TAMS 0x000000008bd00000, 0x000000008bd00000| Untracked 
| 102|0x000000008be00000, 0x000000008be00000, 0x000000008bf00000|  0%| F|  |TAMS 0x000000008be00000, 0x000000008be00000| Untracked 
| 103|0x000000008bf00000, 0x000000008bf00000, 0x000000008c000000|  0%| F|  |TAMS 0x000000008bf00000, 0x000000008bf00000| Untracked 
| 104|0x000000008c000000, 0x000000008c000000, 0x000000008c100000|  0%| F|  |TAMS 0x000000008c000000, 0x000000008c000000| Untracked 
| 105|0x000000008c100000, 0x000000008c100000, 0x000000008c200000|  0%| F|  |TAMS 0x000000008c100000, 0x000000008c100000| Untracked 
| 106|0x000000008c200000, 0x000000008c200000, 0x000000008c300000|  0%| F|  |TAMS 0x000000008c200000, 0x000000008c200000| Untracked 
| 107|0x000000008c300000, 0x000000008c300000, 0x000000008c400000|  0%| F|  |TAMS 0x000000008c300000, 0x000000008c300000| Untracked 
| 108|0x000000008c400000, 0x000000008c400000, 0x000000008c500000|  0%| F|  |TAMS 0x000000008c400000, 0x000000008c400000| Untracked 
| 109|0x000000008c500000, 0x000000008c500000, 0x000000008c600000|  0%| F|  |TAMS 0x000000008c500000, 0x000000008c500000| Untracked 
| 110|0x000000008c600000, 0x000000008c600000, 0x000000008c700000|  0%| F|  |TAMS 0x000000008c600000, 0x000000008c600000| Untracked 
| 111|0x000000008c700000, 0x000000008c700000, 0x000000008c800000|  0%| F|  |TAMS 0x000000008c700000, 0x000000008c700000| Untracked 
| 112|0x000000008c800000, 0x000000008c800000, 0x000000008c900000|  0%| F|  |TAMS 0x000000008c800000, 0x000000008c800000| Untracked 
| 113|0x000000008c900000, 0x000000008c900000, 0x000000008ca00000|  0%| F|  |TAMS 0x000000008c900000, 0x000000008c900000| Untracked 
| 114|0x000000008ca00000, 0x000000008ca00000, 0x000000008cb00000|  0%| F|  |TAMS 0x000000008ca00000, 0x000000008ca00000| Untracked 
| 115|0x000000008cb00000, 0x000000008cb00000, 0x000000008cc00000|  0%| F|  |TAMS 0x000000008cb00000, 0x000000008cb00000| Untracked 
| 116|0x000000008cc00000, 0x000000008cc00000, 0x000000008cd00000|  0%| F|  |TAMS 0x000000008cc00000, 0x000000008cc00000| Untracked 
| 117|0x000000008cd00000, 0x000000008ce00000, 0x000000008ce00000|100%| S|  |TAMS 0x000000008cd00000, 0x000000008cd00000| Complete 
| 118|0x000000008ce00000, 0x000000008cf00000, 0x000000008cf00000|100%| E|CS|TAMS 0x000000008ce00000, 0x000000008ce00000| Complete 
| 119|0x000000008cf00000, 0x000000008d000000, 0x000000008d000000|100%| E|CS|TAMS 0x000000008cf00000, 0x000000008cf00000| Complete 
| 120|0x000000008d000000, 0x000000008d100000, 0x000000008d100000|100%| E|CS|TAMS 0x000000008d000000, 0x000000008d000000| Complete 
| 121|0x000000008d100000, 0x000000008d200000, 0x000000008d200000|100%| E|CS|TAMS 0x000000008d100000, 0x000000008d100000| Complete 
| 122|0x000000008d200000, 0x000000008d300000, 0x000000008d300000|100%| E|CS|TAMS 0x000000008d200000, 0x000000008d200000| Complete 
| 123|0x000000008d300000, 0x000000008d400000, 0x000000008d400000|100%| E|CS|TAMS 0x000000008d300000, 0x000000008d300000| Complete 
|1958|0x00000000ffe00000, 0x00000000ffe48000, 0x00000000fff00000| 28%|OA|  |TAMS 0x00000000ffe00000, 0x00000000ffe48000| Untracked 
|1959|0x00000000fff00000, 0x00000000fff6c000, 0x0000000100000000| 42%|CA|  |TAMS 0x00000000fff00000, 0x00000000fff6c000| Untracked 

Card table byte_map: [0x00007ffffc633000,0x00007ffffca07000] _byte_map_base: 0x00007ffffc207000

Marking Bits (Prev, Next): (CMBitMap*) 0x00007ffff805d488, (CMBitMap*) 0x00007ffff805d4c0
 Prev Bits: [0x00007fffda160000, 0x00007fffdc000000)
 Next Bits: [0x00007fffd82c0000, 0x00007fffda160000)

Polling page: 0x00007fffff7c1000

Metaspace:

Usage:
  Non-class:     17.65 MB capacity,    17.36 MB ( 98%) used,   256.92 KB (  1%) free+waste,    40.00 KB ( <1%) overhead. 
      Class:      2.31 MB capacity,     2.17 MB ( 94%) used,   124.66 KB (  5%) free+waste,    18.69 KB ( <1%) overhead. 
       Both:     19.96 MB capacity,    19.53 MB ( 98%) used,   381.58 KB (  2%) free+waste,    58.69 KB ( <1%) overhead. 

Virtual space:
  Non-class space:       18.00 MB reserved,      17.75 MB ( 99%) committed 
      Class space:        1.00 GB reserved,       2.38 MB ( <1%) committed 
             Both:        1.02 GB reserved,      20.12 MB (  2%) committed 

Chunk freelists:
   Non-Class:  36.00 KB
       Class:  0 bytes
        Both:  36.00 KB

MaxMetaspaceSize: unlimited
CompressedClassSpaceSize: 1.00 GB
Initial GC threshold: 20.80 MB
Current GC threshold: 20.80 MB
CDS: on

CodeHeap 'non-profiled nmethods': size=120032Kb used=1775Kb max_used=1775Kb free=118256Kb
 bounds [0x00007fffe8297000, 0x00007fffe8507000, 0x00007fffef7cf000]
CodeHeap 'profiled nmethods': size=120028Kb used=7152Kb max_used=7152Kb free=112875Kb
 bounds [0x00007fffe0d60000, 0x00007fffe1460000, 0x00007fffe8297000]
CodeHeap 'non-nmethods': size=5700Kb used=1226Kb max_used=1284Kb free=4473Kb
 bounds [0x00007fffe07cf000, 0x00007fffe0a3f000, 0x00007fffe0d60000]
 total_blobs=3935 nmethods=3429 adapters=420
 compilation: enabled
              stopped_count=0, restarted_count=0
 full_count=0

Compilation events (20 events):
Event: 197.615 Thread 0x00007ffff8141000 3439   !   3       java.net.AbstractPlainSocketImpl::releaseFD (74 bytes)
Event: 197.615 Thread 0x00007ffff8141000 nmethod 3439 0x00007fffe1456290 code [0x00007fffe14564c0, 0x00007fffe1457010]
Event: 197.617 Thread 0x00007fff84127000 nmethod 3422 0x00007fffe8448190 code [0x00007fffe8448380, 0x00007fffe8449198]
Event: 197.620 Thread 0x00007ffff813f000 nmethod 3374 0x00007fffe8449790 code [0x00007fffe8449aa0, 0x00007fffe844b560]
Event: 197.661 Thread 0x00007ffff8141000 3440       3       com.fasterxml.jackson.core.sym.Name3::equals (41 bytes)
Event: 197.661 Thread 0x00007ffff8141000 nmethod 3440 0x00007fffe1457390 code [0x00007fffe1457540, 0x00007fffe14577d0]
Event: 197.673 Thread 0x00007ffff8141000 3441       3       com.fasterxml.jackson.core.json.UTF8StreamJsonParser::nextToken (568 bytes)
Event: 197.674 Thread 0x00007ffff8141000 nmethod 3441 0x00007fffe1457910 code [0x00007fffe1457da0, 0x00007fffe1459de0]
Event: 197.685 Thread 0x00007fff84128800 3442       4       com.fasterxml.jackson.core.json.UTF8StreamJsonParser::nextToken (568 bytes)
Event: 197.688 Thread 0x00007fff84127000 3443       4       com.fasterxml.jackson.core.sym.Name3::equals (41 bytes)
Event: 197.688 Thread 0x00007fff84127000 nmethod 3443 0x00007fffe844c910 code [0x00007fffe844caa0, 0x00007fffe844cb78]
Event: 197.703 Thread 0x00007ffff813f000 3444       4       java.util.Arrays::fill (21 bytes)
Event: 197.703 Thread 0x00007fff84127000 3445 %     4       java.util.Arrays::fill @ 5 (21 bytes)
Event: 197.705 Thread 0x00007ffff813f000 nmethod 3444 0x00007fffe844cc90 code [0x00007fffe844ce20, 0x00007fffe844cf98]
Event: 197.705 Thread 0x00007fff84127000 nmethod 3445% 0x00007fffe844d090 code [0x00007fffe844d220, 0x00007fffe844d438]
Event: 197.707 Thread 0x00007fff84128800 nmethod 3442 0x00007fffe844d510 code [0x00007fffe844d7e0, 0x00007fffe844f488]
Event: 197.730 Thread 0x00007ffff8141000 3446       3       com.fasterxml.jackson.core.json.UTF8StreamJsonParser::_parseFieldName (314 bytes)
Event: 197.731 Thread 0x00007ffff8141000 nmethod 3446 0x00007fffe145a590 code [0x00007fffe145a900, 0x00007fffe145ba30]
Event: 197.737 Thread 0x00007ffff813f000 3447       4       com.fasterxml.jackson.core.json.UTF8StreamJsonParser::_parseFieldName (314 bytes)
Event: 197.752 Thread 0x00007ffff813f000 nmethod 3447 0x00007fffe844ff90 code [0x00007fffe8450300, 0x00007fffe8451b28]

GC Heap History (11 events):
Event: 1.438 GC heap before
{Heap before GC invocations=0 (full 0):
 garbage-first heap   total 129024K, used 24272K [0x0000000085800000, 0x0000000100000000)
  region size 1024K, 24 young (24576K), 0 survivors (0K)
 Metaspace       used 8796K, capacity 8982K, committed 9344K, reserved 1056768K
  class space    used 956K, capacity 1029K, committed 1152K, reserved 1048576K
}
Event: 1.468 GC heap after
{Heap after GC invocations=1 (full 0):
 garbage-first heap   total 129024K, used 5365K [0x0000000085800000, 0x0000000100000000)
  region size 1024K, 3 young (3072K), 3 survivors (3072K)
 Metaspace       used 8796K, capacity 8982K, committed 9344K, reserved 1056768K
  class space    used 956K, capacity 1029K, committed 1152K, reserved 1048576K
}
Event: 155.957 GC heap before
{Heap before GC invocations=1 (full 0):
 garbage-first heap   total 129024K, used 78069K [0x0000000085800000, 0x0000000100000000)
  region size 1024K, 74 young (75776K), 3 survivors (3072K)
 Metaspace       used 19727K, capacity 20182K, committed 20352K, reserved 1067008K
  class space    used 2222K, capacity 2367K, committed 2432K, reserved 1048576K
}
Event: 156.005 GC heap after
{Heap after GC invocations=2 (full 0):
 garbage-first heap   total 129024K, used 9629K [0x0000000085800000, 0x0000000100000000)
  region size 1024K, 8 young (8192K), 8 survivors (8192K)
 Metaspace       used 19727K, capacity 20182K, committed 20352K, reserved 1067008K
  class space    used 2222K, capacity 2367K, committed 2432K, reserved 1048576K
}
Event: 197.566 GC heap before
{Heap before GC invocations=2 (full 0):
 garbage-first heap   total 129024K, used 76189K [0x0000000085800000, 0x0000000100000000)
  region size 1024K, 74 young (75776K), 8 survivors (8192K)
 Metaspace       used 20000K, capacity 20444K, committed 20608K, reserved 1067008K
  class space    used 2224K, capacity 2368K, committed 2432K, reserved 1048576K
}
Event: 197.604 GC heap after
{Heap after GC invocations=3 (full 0):
 garbage-first heap   total 129024K, used 48479K [0x0000000085800000, 0x0000000100000000)
  region size 1024K, 10 young (10240K), 10 survivors (10240K)
 Metaspace       used 20000K, capacity 20444K, committed 20608K, reserved 1067008K
  class space    used 2224K, capacity 2368K, committed 2432K, reserved 1048576K
}
Event: 197.759 GC heap before
{Heap before GC invocations=3 (full 0):
 garbage-first heap   total 129024K, used 79199K [0x0000000085800000, 0x0000000100000000)
  region size 1024K, 40 young (40960K), 10 survivors (10240K)
 Metaspace       used 20003K, capacity 20444K, committed 20608K, reserved 1067008K
  class space    used 2224K, capacity 2368K, committed 2432K, reserved 1048576K
}
Event: 197.766 GC heap after
{Heap after GC invocations=4 (full 0):
 garbage-first heap   total 129024K, used 74448K [0x0000000085800000, 0x0000000100000000)
  region size 1024K, 5 young (5120K), 5 survivors (5120K)
 Metaspace       used 20003K, capacity 20444K, committed 20608K, reserved 1067008K
  class space    used 2224K, capacity 2368K, committed 2432K, reserved 1048576K
}
Event: 197.776 GC heap before
{Heap before GC invocations=4 (full 0):
 garbage-first heap   total 129024K, used 75472K [0x0000000085800000, 0x0000000100000000)
  region size 1024K, 6 young (6144K), 5 survivors (5120K)
 Metaspace       used 20003K, capacity 20444K, committed 20608K, reserved 1067008K
  class space    used 2224K, capacity 2368K, committed 2432K, reserved 1048576K
}
Event: 197.786 GC heap after
{Heap after GC invocations=5 (full 0):
 garbage-first heap   total 129024K, used 78032K [0x0000000085800000, 0x0000000100000000)
  region size 1024K, 1 young (1024K), 1 survivors (1024K)
 Metaspace       used 20003K, capacity 20444K, committed 20608K, reserved 1067008K
  class space    used 2224K, capacity 2368K, committed 2432K, reserved 1048576K
}
Event: 197.812 GC heap before
{Heap before GC invocations=5 (full 0):
 garbage-first heap   total 129024K, used 83152K [0x0000000085800000, 0x0000000100000000)
  region size 1024K, 6 young (6144K), 1 survivors (1024K)
 Metaspace       used 20003K, capacity 20444K, committed 20608K, reserved 1067008K
  class space    used 2224K, capacity 2368K, committed 2432K, reserved 1048576K
}

Deoptimization events (20 events):
Event: 197.661 Thread 0x00007fff14006000 DEOPT PACKING pc=0x00007fffe8406000 sp=0x00007fffca2f59d0
Event: 197.661 Thread 0x00007fff14006000 DEOPT UNPACKING pc=0x00007fffe0818e9f sp=0x00007fffca2f5970 mode 2
Event: 197.672 Thread 0x00007fff14006000 Uncommon trap: trap_request=0xffffff4d fr.pc=0x00007fffe8443904 relative=0x00000000000045c4
Event: 197.672 Thread 0x00007fff14006000 Uncommon trap: reason=unstable_if action=reinterpret pc=0x00007fffe8443904 method=com.fasterxml.jackson.core.sym.BytesToNameCanonicalizer.findName(I)Lcom/fasterxml/jackson/core/sym/Name; @ 55 c2
Event: 197.672 Thread 0x00007fff14006000 DEOPT PACKING pc=0x00007fffe8443904 sp=0x00007fffca2f5a70
Event: 197.672 Thread 0x00007fff14006000 DEOPT UNPACKING pc=0x00007fffe0818e9f sp=0x00007fffca2f58d0 mode 2
Event: 197.685 Thread 0x00007fff14006000 Uncommon trap: trap_request=0xffffffde fr.pc=0x00007fffe843b280 relative=0x00000000000024a0
Event: 197.685 Thread 0x00007fff14006000 Uncommon trap: reason=class_check action=maybe_recompile pc=0x00007fffe843b280 method=com.fasterxml.jackson.core.sym.BytesToNameCanonicalizer.findName(I)Lcom/fasterxml/jackson/core/sym/Name; @ 52 c2
Event: 197.685 Thread 0x00007fff14006000 DEOPT PACKING pc=0x00007fffe843b280 sp=0x00007fffca2f5980
Event: 197.685 Thread 0x00007fff14006000 DEOPT UNPACKING pc=0x00007fffe0818e9f sp=0x00007fffca2f5850 mode 2
Event: 197.700 Thread 0x00007fff14006000 Uncommon trap: trap_request=0xffffffde fr.pc=0x00007fffe843b280 relative=0x00000000000024a0
Event: 197.700 Thread 0x00007fff14006000 Uncommon trap: reason=class_check action=maybe_recompile pc=0x00007fffe843b280 method=com.fasterxml.jackson.core.sym.BytesToNameCanonicalizer.findName(I)Lcom/fasterxml/jackson/core/sym/Name; @ 52 c2
Event: 197.700 Thread 0x00007fff14006000 DEOPT PACKING pc=0x00007fffe843b280 sp=0x00007fffca2f5980
Event: 197.700 Thread 0x00007fff14006000 DEOPT UNPACKING pc=0x00007fffe0818e9f sp=0x00007fffca2f5850 mode 2
Event: 197.703 Thread 0x00007fff14006000 DEOPT PACKING pc=0x00007fffe131aed9 sp=0x00007fffca2f5710
Event: 197.703 Thread 0x00007fff14006000 DEOPT UNPACKING pc=0x00007fffe081962b sp=0x00007fffca2f4bc8 mode 0
Event: 197.728 Thread 0x00007fff14006000 Uncommon trap: trap_request=0xffffff4d fr.pc=0x00007fffe843b43c relative=0x000000000000265c
Event: 197.729 Thread 0x00007fff14006000 Uncommon trap: reason=unstable_if action=reinterpret pc=0x00007fffe843b43c method=com.fasterxml.jackson.core.sym.BytesToNameCanonicalizer.findName(I)Lcom/fasterxml/jackson/core/sym/Name; @ 55 c2
Event: 197.729 Thread 0x00007fff14006000 DEOPT PACKING pc=0x00007fffe843b43c sp=0x00007fffca2f5a20
Event: 197.729 Thread 0x00007fff14006000 DEOPT UNPACKING pc=0x00007fffe0818e9f sp=0x00007fffca2f58f8 mode 2

Classes redefined (0 events):
No events

Internal exceptions (20 events):
Event: 122.545 Thread 0x00007ffff8787800 Exception <a 'sun/nio/fs/UnixException'{0x000000008970fb20}> (0x000000008970fb20) thrown at [./src/hotspot/share/prims/jni.cpp, line 617]
Event: 122.546 Thread 0x00007ffff8787800 Exception <a 'sun/nio/fs/UnixException'{0x00000000897102e8}> (0x00000000897102e8) thrown at [./src/hotspot/share/prims/jni.cpp, line 617]
Event: 129.232 Thread 0x00007ffff878b800 Exception <a 'sun/nio/fs/UnixException'{0x00000000893479b0}> (0x00000000893479b0) thrown at [./src/hotspot/share/prims/jni.cpp, line 617]
Event: 129.233 Thread 0x00007ffff878b800 Exception <a 'sun/nio/fs/UnixException'{0x0000000089348a10}> (0x0000000089348a10) thrown at [./src/hotspot/share/prims/jni.cpp, line 617]
Event: 129.233 Thread 0x00007ffff878b800 Exception <a 'sun/nio/fs/UnixException'{0x00000000893491d8}> (0x00000000893491d8) thrown at [./src/hotspot/share/prims/jni.cpp, line 617]
Event: 135.696 Thread 0x00007ffff878c800 Exception <a 'sun/nio/fs/UnixException'{0x0000000088e71460}> (0x0000000088e71460) thrown at [./src/hotspot/share/prims/jni.cpp, line 617]
Event: 135.697 Thread 0x00007ffff878c800 Exception <a 'sun/nio/fs/UnixException'{0x0000000088e724a0}> (0x0000000088e724a0) thrown at [./src/hotspot/share/prims/jni.cpp, line 617]
Event: 135.697 Thread 0x00007ffff878c800 Exception <a 'sun/nio/fs/UnixException'{0x0000000088e72c68}> (0x0000000088e72c68) thrown at [./src/hotspot/share/prims/jni.cpp, line 617]
Event: 155.934 Thread 0x00007ffff8781000 Exception <a 'sun/nio/fs/UnixException'{0x0000000088b71bc8}> (0x0000000088b71bc8) thrown at [./src/hotspot/share/prims/jni.cpp, line 617]
Event: 155.935 Thread 0x00007ffff8781000 Exception <a 'sun/nio/fs/UnixException'{0x0000000088b72ca8}> (0x0000000088b72ca8) thrown at [./src/hotspot/share/prims/jni.cpp, line 617]
Event: 155.935 Thread 0x00007ffff8781000 Exception <a 'sun/nio/fs/UnixException'{0x0000000088b73490}> (0x0000000088b73490) thrown at [./src/hotspot/share/prims/jni.cpp, line 617]
Event: 157.763 Thread 0x00007ffff877a800 Exception <a 'sun/nio/fs/UnixException'{0x000000008d036028}> (0x000000008d036028) thrown at [./src/hotspot/share/prims/jni.cpp, line 617]
Event: 157.764 Thread 0x00007ffff877a800 Exception <a 'sun/nio/fs/UnixException'{0x000000008d037068}> (0x000000008d037068) thrown at [./src/hotspot/share/prims/jni.cpp, line 617]
Event: 157.764 Thread 0x00007ffff877a800 Exception <a 'sun/nio/fs/UnixException'{0x000000008d037830}> (0x000000008d037830) thrown at [./src/hotspot/share/prims/jni.cpp, line 617]
Event: 160.275 Thread 0x00007ffff8787800 Exception <a 'sun/nio/fs/UnixException'{0x000000008cc0c8f8}> (0x000000008cc0c8f8) thrown at [./src/hotspot/share/prims/jni.cpp, line 617]
Event: 160.276 Thread 0x00007ffff8787800 Exception <a 'sun/nio/fs/UnixException'{0x000000008cc0d960}> (0x000000008cc0d960) thrown at [./src/hotspot/share/prims/jni.cpp, line 617]
Event: 160.276 Thread 0x00007ffff8787800 Exception <a 'sun/nio/fs/UnixException'{0x000000008cc0e138}> (0x000000008cc0e138) thrown at [./src/hotspot/share/prims/jni.cpp, line 617]
Event: 177.950 Thread 0x00007ffff878b800 Exception <a 'sun/nio/fs/UnixException'{0x000000008c7dff58}> (0x000000008c7dff58) thrown at [./src/hotspot/share/prims/jni.cpp, line 617]
Event: 177.952 Thread 0x00007ffff878b800 Exception <a 'sun/nio/fs/UnixException'{0x000000008c7e0fc0}> (0x000000008c7e0fc0) thrown at [./src/hotspot/share/prims/jni.cpp, line 617]
Event: 177.952 Thread 0x00007ffff878b800 Exception <a 'sun/nio/fs/UnixException'{0x000000008c7e1798}> (0x000000008c7e1798) thrown at [./src/hotspot/share/prims/jni.cpp, line 617]

Events (20 events):
Event: 197.620 Executing VM operation: RevokeBias done
Event: 197.620 Executing VM operation: RevokeBias
Event: 197.620 Executing VM operation: RevokeBias done
Event: 197.621 Executing VM operation: RevokeBias
Event: 197.621 Executing VM operation: RevokeBias done
Event: 197.621 Executing VM operation: RevokeBias
Event: 197.621 Executing VM operation: RevokeBias done
Event: 197.622 Executing VM operation: RevokeBias
Event: 197.622 Executing VM operation: RevokeBias done
Event: 197.622 Executing VM operation: RevokeBias
Event: 197.622 Executing VM operation: RevokeBias done
Event: 197.622 Executing VM operation: RevokeBias
Event: 197.622 Executing VM operation: RevokeBias done
Event: 197.623 Executing VM operation: RevokeBias
Event: 197.623 Executing VM operation: RevokeBias done
Event: 197.758 Executing VM operation: G1CollectForAllocation
Event: 197.766 Executing VM operation: G1CollectForAllocation done
Event: 197.775 Executing VM operation: G1CollectForAllocation
Event: 197.786 Executing VM operation: G1CollectForAllocation done
Event: 197.811 Executing VM operation: G1CollectForAllocation


Dynamic libraries:
85800000-8d400000 rw-p 00000000 00:00 0 
8d400000-ffe00000 ---p 00000000 00:00 0 
ffe00000-ffe48000 rw-p 00b14000 00:3f 33877010                           /usr/lib/jvm/java-11-openjdk-amd64/lib/server/classes.jsa
ffe48000-fff00000 rw-p 00000000 00:00 0 
fff00000-fff6c000 rw-p 00aa8000 00:3f 33877010                           /usr/lib/jvm/java-11-openjdk-amd64/lib/server/classes.jsa
fff6c000-100000000 rw-p 00000000 00:00 0 
800000000-800002000 r-xp 00001000 00:3f 33877010                         /usr/lib/jvm/java-11-openjdk-amd64/lib/server/classes.jsa
800002000-8003ce000 rw-p 00003000 00:3f 33877010                         /usr/lib/jvm/java-11-openjdk-amd64/lib/server/classes.jsa
8003ce000-800aa6000 r--p 003cf000 00:3f 33877010                         /usr/lib/jvm/java-11-openjdk-amd64/lib/server/classes.jsa
800aa6000-800aa7000 rw-p 00aa7000 00:3f 33877010                         /usr/lib/jvm/java-11-openjdk-amd64/lib/server/classes.jsa
840000000-840260000 rw-p 00000000 00:00 0 
840260000-880000000 ---p 00000000 00:00 0 
555555554000-555555555000 r--p 00000000 00:3f 33876686                   /usr/lib/jvm/java-11-openjdk-amd64/bin/java
555555555000-555555556000 r-xp 00001000 00:3f 33876686                   /usr/lib/jvm/java-11-openjdk-amd64/bin/java
555555556000-555555557000 r--p 00002000 00:3f 33876686                   /usr/lib/jvm/java-11-openjdk-amd64/bin/java
555555557000-555555558000 r--p 00002000 00:3f 33876686                   /usr/lib/jvm/java-11-openjdk-amd64/bin/java
555555558000-555555559000 rw-p 00003000 00:3f 33876686                   /usr/lib/jvm/java-11-openjdk-amd64/bin/java
555555559000-55555557a000 rw-p 00000000 00:00 0 
7ffe1c000000-7ffe1c021000 rw-p 00000000 00:00 0 
7ffe1c021000-7ffe20000000 ---p 00000000 00:00 0 
7ffe24000000-7ffe24021000 rw-p 00000000 00:00 0 
7ffe24021000-7ffe28000000 ---p 00000000 00:00 0 
7ffe2c000000-7ffe2c021000 rw-p 00000000 00:00 0 
7ffe2c021000-7ffe30000000 ---p 00000000 00:00 0 
7ffe34000000-7ffe34021000 rw-p 00000000 00:00 0 
7ffe34021000-7ffe38000000 ---p 00000000 00:00 0 
7ffe3c000000-7ffe3c021000 rw-p 00000000 00:00 0 
7ffe3c021000-7ffe40000000 ---p 00000000 00:00 0 
7ffe44000000-7ffe44021000 rw-p 00000000 00:00 0 
7ffe44021000-7ffe48000000 ---p 00000000 00:00 0 
7ffe4c000000-7ffe4c021000 rw-p 00000000 00:00 0 
7ffe4c021000-7ffe50000000 ---p 00000000 00:00 0 
7ffe54000000-7ffe54021000 rw-p 00000000 00:00 0 
7ffe54021000-7ffe58000000 ---p 00000000 00:00 0 
7ffe5c000000-7ffe5c021000 rw-p 00000000 00:00 0 
7ffe5c021000-7ffe60000000 ---p 00000000 00:00 0 
7ffe64000000-7ffe64021000 rw-p 00000000 00:00 0 
7ffe64021000-7ffe68000000 ---p 00000000 00:00 0 
7ffe6c000000-7ffe6c021000 rw-p 00000000 00:00 0 
7ffe6c021000-7ffe70000000 ---p 00000000 00:00 0 
7ffe74000000-7ffe74021000 rw-p 00000000 00:00 0 
7ffe74021000-7ffe78000000 ---p 00000000 00:00 0 
7ffe7c000000-7ffe7da29000 rw-p 00000000 00:00 0 
7ffe7da29000-7ffe80000000 ---p 00000000 00:00 0 
7ffe84000000-7ffe851fc000 rw-p 00000000 00:00 0 
7ffe851fc000-7ffe88000000 ---p 00000000 00:00 0 
7ffe8c000000-7ffe8c021000 rw-p 00000000 00:00 0 
7ffe8c021000-7ffe90000000 ---p 00000000 00:00 0 
7ffe94000000-7ffe94757000 rw-p 00000000 00:00 0 
7ffe94757000-7ffe98000000 ---p 00000000 00:00 0 
7ffe9c000000-7ffe9c021000 rw-p 00000000 00:00 0 
7ffe9c021000-7ffea0000000 ---p 00000000 00:00 0 
7ffea4000000-7ffea4021000 rw-p 00000000 00:00 0 
7ffea4021000-7ffea8000000 ---p 00000000 00:00 0 
7ffeac000000-7ffeac021000 rw-p 00000000 00:00 0 
7ffeac021000-7ffeb0000000 ---p 00000000 00:00 0 
7ffeb4000000-7ffeb4021000 rw-p 00000000 00:00 0 
7ffeb4021000-7ffeb8000000 ---p 00000000 00:00 0 
7ffebc000000-7ffebc021000 rw-p 00000000 00:00 0 
7ffebc021000-7ffec0000000 ---p 00000000 00:00 0 
7ffec4000000-7ffec4169000 rw-p 00000000 00:00 0 
7ffec4169000-7ffec8000000 ---p 00000000 00:00 0 
7ffecc000000-7ffecc021000 rw-p 00000000 00:00 0 
7ffecc021000-7ffed0000000 ---p 00000000 00:00 0 
7ffed4000000-7ffed4021000 rw-p 00000000 00:00 0 
7ffed4021000-7ffed8000000 ---p 00000000 00:00 0 
7ffedc000000-7ffedc021000 rw-p 00000000 00:00 0 
7ffedc021000-7ffee0000000 ---p 00000000 00:00 0 
7ffee4000000-7ffee4021000 rw-p 00000000 00:00 0 
7ffee4021000-7ffee8000000 ---p 00000000 00:00 0 
7ffeec000000-7ffeec021000 rw-p 00000000 00:00 0 
7ffeec021000-7ffef0000000 ---p 00000000 00:00 0 
7ffef4000000-7ffef4021000 rw-p 00000000 00:00 0 
7ffef4021000-7ffef8000000 ---p 00000000 00:00 0 
7ffefc000000-7ffefc021000 rw-p 00000000 00:00 0 
7ffefc021000-7fff00000000 ---p 00000000 00:00 0 
7fff04000000-7fff04021000 rw-p 00000000 00:00 0 
7fff04021000-7fff08000000 ---p 00000000 00:00 0 
7fff0c000000-7fff0c021000 rw-p 00000000 00:00 0 
7fff0c021000-7fff10000000 ---p 00000000 00:00 0 
7fff14000000-7fff1402a000 rw-p 00000000 00:00 0 
7fff1402a000-7fff18000000 ---p 00000000 00:00 0 
7fff1c000000-7fff1c021000 rw-p 00000000 00:00 0 
7fff1c021000-7fff20000000 ---p 00000000 00:00 0 
7fff24000000-7fff24021000 rw-p 00000000 00:00 0 
7fff24021000-7fff28000000 ---p 00000000 00:00 0 
7fff2c000000-7fff2c064000 rw-p 00000000 00:00 0 
7fff2c064000-7fff30000000 ---p 00000000 00:00 0 
7fff34000000-7fff34021000 rw-p 00000000 00:00 0 
7fff34021000-7fff38000000 ---p 00000000 00:00 0 
7fff3c000000-7fff3c5a9000 rw-p 00000000 00:00 0 
7fff3c5a9000-7fff40000000 ---p 00000000 00:00 0 
7fff44000000-7fff4404e000 rw-p 00000000 00:00 0 
7fff4404e000-7fff48000000 ---p 00000000 00:00 0 
7fff4c000000-7fff4c021000 rw-p 00000000 00:00 0 
7fff4c021000-7fff50000000 ---p 00000000 00:00 0 
7fff54000000-7fff54060000 rw-p 00000000 00:00 0 
7fff54060000-7fff58000000 ---p 00000000 00:00 0 
7fff5c000000-7fff5c023000 rw-p 00000000 00:00 0 
7fff5c023000-7fff60000000 ---p 00000000 00:00 0 
7fff64000000-7fff64219000 rw-p 00000000 00:00 0 
7fff64219000-7fff68000000 ---p 00000000 00:00 0 
7fff6c000000-7fff6c021000 rw-p 00000000 00:00 0 
7fff6c021000-7fff70000000 ---p 00000000 00:00 0 
7fff74000000-7fff74021000 rw-p 00000000 00:00 0 
7fff74021000-7fff78000000 ---p 00000000 00:00 0 
7fff7c000000-7fff7c021000 rw-p 00000000 00:00 0 
7fff7c021000-7fff80000000 ---p 00000000 00:00 0 
7fff84000000-7fff846c5000 rw-p 00000000 00:00 0 
7fff846c5000-7fff88000000 ---p 00000000 00:00 0 
7fff8c000000-7fff8d657000 rw-p 00000000 00:00 0 
7fff8d657000-7fff90000000 ---p 00000000 00:00 0 
7fff94000000-7fff94021000 rw-p 00000000 00:00 0 
7fff94021000-7fff98000000 ---p 00000000 00:00 0 
7fff9c000000-7fff9c021000 rw-p 00000000 00:00 0 
7fff9c021000-7fffa0000000 ---p 00000000 00:00 0 
7fffa4000000-7fffa4021000 rw-p 00000000 00:00 0 
7fffa4021000-7fffa8000000 ---p 00000000 00:00 0 
7fffac000000-7fffac021000 rw-p 00000000 00:00 0 
7fffac021000-7fffb0000000 ---p 00000000 00:00 0 
7fffb4000000-7fffb4095000 rw-p 00000000 00:00 0 
7fffb4095000-7fffb8000000 ---p 00000000 00:00 0 
7fffbc000000-7fffbc021000 rw-p 00000000 00:00 0 
7fffbc021000-7fffc0000000 ---p 00000000 00:00 0 
7fffc4000000-7fffc4021000 rw-p 00000000 00:00 0 
7fffc4021000-7fffc8000000 ---p 00000000 00:00 0 
7fffc9183000-7fffc93ec000 rw-p 00000000 00:00 0 
7fffc93ec000-7fffc93ed000 ---p 00000000 00:00 0 
7fffc93ed000-7fffc94ed000 rw-p 00000000 00:00 0 
7fffc94ed000-7fffc94ee000 ---p 00000000 00:00 0 
7fffc94ee000-7fffc95ee000 rw-p 00000000 00:00 0 
7fffc95ee000-7fffc95ef000 ---p 00000000 00:00 0 
7fffc95ef000-7fffc96ef000 rw-p 00000000 00:00 0 
7fffc96ef000-7fffc96f0000 ---p 00000000 00:00 0 
7fffc96f0000-7fffc97f0000 rw-p 00000000 00:00 0 
7fffc97f0000-7fffc97f1000 ---p 00000000 00:00 0 
7fffc97f1000-7fffc98f1000 rw-p 00000000 00:00 0 
7fffc98f1000-7fffc98f2000 ---p 00000000 00:00 0 
7fffc98f2000-7fffc99f2000 rw-p 00000000 00:00 0 
7fffc99f2000-7fffc99f3000 ---p 00000000 00:00 0 
7fffc99f3000-7fffc9af3000 rw-p 00000000 00:00 0 
7fffc9af3000-7fffc9af4000 ---p 00000000 00:00 0 
7fffc9af4000-7fffc9bf4000 rw-p 00000000 00:00 0 
7fffc9bf4000-7fffc9bf5000 ---p 00000000 00:00 0 
7fffc9bf5000-7fffc9cf5000 rw-p 00000000 00:00 0 
7fffc9cf5000-7fffc9cf6000 ---p 00000000 00:00 0 
7fffc9cf6000-7fffc9df6000 rw-p 00000000 00:00 0 
7fffc9df6000-7fffc9df7000 ---p 00000000 00:00 0 
7fffc9df7000-7fffc9ef7000 rw-p 00000000 00:00 0 
7fffc9ef7000-7fffc9ef8000 ---p 00000000 00:00 0 
7fffc9ef8000-7fffc9ff8000 rw-p 00000000 00:00 0 
7fffc9ff8000-7fffc9ffc000 ---p 00000000 00:00 0 
7fffc9ffc000-7fffca0f8000 rw-p 00000000 00:00 0 
7fffca0f8000-7fffca0fc000 ---p 00000000 00:00 0 
7fffca0fc000-7fffca1f8000 rw-p 00000000 00:00 0 
7fffca1f8000-7fffca1fc000 ---p 00000000 00:00 0 
7fffca1fc000-7fffca2f8000 rw-p 00000000 00:00 0 
7fffca2f8000-7fffca2f9000 ---p 00000000 00:00 0 
7fffca2f9000-7fffca3f9000 rw-p 00000000 00:00 0 
7fffca3f9000-7fffca3fa000 ---p 00000000 00:00 0 
7fffca3fa000-7fffca4fa000 rw-p 00000000 00:00 0 
7fffca4fa000-7fffca4fb000 ---p 00000000 00:00 0 
7fffca4fb000-7fffca5fb000 rw-p 00000000 00:00 0 
7fffca5fb000-7fffca5fc000 ---p 00000000 00:00 0 
7fffca5fc000-7fffca6fc000 rw-p 00000000 00:00 0 
7fffca6fc000-7fffca6fd000 ---p 00000000 00:00 0 
7fffca6fd000-7fffca7fd000 rw-p 00000000 00:00 0 
7fffca7fd000-7fffca7fe000 ---p 00000000 00:00 0 
7fffca7fe000-7fffca8fe000 rw-p 00000000 00:00 0 
7fffca8fe000-7fffca8ff000 ---p 00000000 00:00 0 
7fffca8ff000-7fffca9ff000 rw-p 00000000 00:00 0 
7fffca9ff000-7fffcaa00000 ---p 00000000 00:00 0 
7fffcaa00000-7fffcab00000 rw-p 00000000 00:00 0 
7fffcab00000-7fffcab04000 ---p 00000000 00:00 0 
7fffcab04000-7fffcac00000 rw-p 00000000 00:00 0 
7fffcac00000-7fffcac04000 ---p 00000000 00:00 0 
7fffcac04000-7fffcad00000 rw-p 00000000 00:00 0 
7fffcad00000-7fffcad04000 ---p 00000000 00:00 0 
7fffcad04000-7fffcae00000 rw-p 00000000 00:00 0 
7fffcae00000-7fffcae04000 ---p 00000000 00:00 0 
7fffcae04000-7fffcaf00000 rw-p 00000000 00:00 0 
7fffcaf00000-7fffcb0c0000 rw-p 00000000 00:00 0 
7fffcb0c0000-7fffcb100000 ---p 00000000 00:00 0 
7fffcb100000-7fffcb104000 ---p 00000000 00:00 0 
7fffcb104000-7fffcb200000 rw-p 00000000 00:00 0 
7fffcb200000-7fffcb204000 ---p 00000000 00:00 0 
7fffcb204000-7fffcb300000 rw-p 00000000 00:00 0 
7fffcb300000-7fffcb304000 ---p 00000000 00:00 0 
7fffcb304000-7fffcb400000 rw-p 00000000 00:00 0 
7fffcb400000-7fffcb404000 ---p 00000000 00:00 0 
7fffcb404000-7fffcb500000 rw-p 00000000 00:00 0 
7fffcb500000-7fffcb504000 ---p 00000000 00:00 0 
7fffcb504000-7fffcb600000 rw-p 00000000 00:00 0 
7fffcb600000-7fffcb604000 ---p 00000000 00:00 0 
7fffcb604000-7fffcb700000 rw-p 00000000 00:00 0 
7fffcb700000-7fffcb704000 ---p 00000000 00:00 0 
7fffcb704000-7fffcb800000 rw-p 00000000 00:00 0 
7fffcb800000-7fffcba00000 rw-p 00000000 00:00 0 
7fffcba00000-7fffcba17000 r-xp 00000000 00:3f 34359807                   /tmp/jna/jna7563983021545975099.tmp (deleted)
7fffcba17000-7fffcbc16000 ---p 00017000 00:3f 34359807                   /tmp/jna/jna7563983021545975099.tmp (deleted)
7fffcbc16000-7fffcbc17000 r--p 00016000 00:3f 34359807                   /tmp/jna/jna7563983021545975099.tmp (deleted)
7fffcbc17000-7fffcbc18000 rw-p 00017000 00:3f 34359807                   /tmp/jna/jna7563983021545975099.tmp (deleted)
7fffcbcde000-7fffcbce2000 ---p 00000000 00:00 0 
7fffcbce2000-7fffcbd00000 rw-p 00000000 00:00 0 
7fffcbd00000-7fffcbd04000 ---p 00000000 00:00 0 
7fffcbd04000-7fffcbe00000 rw-p 00000000 00:00 0 
7fffcbe00000-7fffcc000000 rw-p 00000000 00:00 0 
7fffcc000000-7fffcc021000 rw-p 00000000 00:00 0 
7fffcc021000-7fffd0000000 ---p 00000000 00:00 0 
7fffd0001000-7fffd0005000 ---p 00000000 00:00 0 
7fffd0005000-7fffd0023000 rw-p 00000000 00:00 0 
7fffd0023000-7fffd004f000 r--p 00000000 00:3f 33876907                   /usr/lib/jvm/java-11-openjdk-amd64/lib/libawt.so
7fffd004f000-7fffd00b9000 r-xp 0002c000 00:3f 33876907                   /usr/lib/jvm/java-11-openjdk-amd64/lib/libawt.so
7fffd00b9000-7fffd00c6000 r--p 00096000 00:3f 33876907                   /usr/lib/jvm/java-11-openjdk-amd64/lib/libawt.so
7fffd00c6000-7fffd00c7000 r--p 000a2000 00:3f 33876907                   /usr/lib/jvm/java-11-openjdk-amd64/lib/libawt.so
7fffd00c7000-7fffd00d2000 rw-p 000a3000 00:3f 33876907                   /usr/lib/jvm/java-11-openjdk-amd64/lib/libawt.so
7fffd00d2000-7fffd02f7000 rw-p 00000000 00:00 0 
7fffd02f7000-7fffd02fb000 ---p 00000000 00:00 0 
7fffd02fb000-7fffd03f7000 rw-p 00000000 00:00 0 
7fffd03f7000-7fffd05f7000 rw-p 00000000 00:00 0 
7fffd05f7000-7fffd05f8000 ---p 00000000 00:00 0 
7fffd05f8000-7fffd06f8000 rw-p 00000000 00:00 0 
7fffd06f8000-7fffd06f9000 ---p 00000000 00:00 0 
7fffd06f9000-7fffd07f9000 rw-p 00000000 00:00 0 
7fffd07f9000-7fffd07fd000 ---p 00000000 00:00 0 
7fffd07fd000-7fffd08f9000 rw-p 00000000 00:00 0 
7fffd08f9000-7fffd08fd000 ---p 00000000 00:00 0 
7fffd08fd000-7fffd09f9000 rw-p 00000000 00:00 0 
7fffd09f9000-7fffd09fa000 ---p 00000000 00:00 0 
7fffd09fa000-7fffd0afa000 rw-p 00000000 00:00 0 
7fffd0afa000-7fffd0afe000 ---p 00000000 00:00 0 
7fffd0afe000-7fffd0bfa000 rw-p 00000000 00:00 0 
7fffd0bfa000-7fffd0bfe000 ---p 00000000 00:00 0 
7fffd0bfe000-7fffd0cfa000 rw-p 00000000 00:00 0 
7fffd0cfa000-7fffd0cfe000 ---p 00000000 00:00 0 
7fffd0cfe000-7fffd0dfa000 rw-p 00000000 00:00 0 
7fffd0dfa000-7fffd0dfe000 ---p 00000000 00:00 0 
7fffd0dfe000-7fffd0efa000 rw-p 00000000 00:00 0 
7fffd0efa000-7fffd0efe000 ---p 00000000 00:00 0 
7fffd0efe000-7fffd0ffa000 rw-p 00000000 00:00 0 
7fffd0ffa000-7fffd0ffe000 ---p 00000000 00:00 0 
7fffd0ffe000-7fffd10fa000 rw-p 00000000 00:00 0 
7fffd10fa000-7fffd10fe000 ---p 00000000 00:00 0 
7fffd10fe000-7fffd11fa000 rw-p 00000000 00:00 0 
7fffd11fa000-7fffd11fb000 ---p 00000000 00:00 0 
7fffd11fb000-7fffd12fb000 rw-p 00000000 00:00 0 
7fffd12fb000-7fffd1afb000 rw-p 00000000 00:00 0 
7fffd1afb000-7fffd1afc000 ---p 00000000 00:00 0 
7fffd1afc000-7fffd1bfc000 rw-p 00000000 00:00 0 
7fffd1bfc000-7fffd1bfd000 ---p 00000000 00:00 0 
7fffd1bfd000-7fffd1cfd000 rw-p 00000000 00:00 0 
7fffd1cfd000-7fffd4000000 rw-p 00000000 00:00 0 
7fffd4000000-7fffd4021000 rw-p 00000000 00:00 0 
7fffd4021000-7fffd8000000 ---p 00000000 00:00 0 
7fffd8010000-7fffd8013000 r--p 00000000 00:3f 33876908                   /usr/lib/jvm/java-11-openjdk-amd64/lib/libawt_headless.so
7fffd8013000-7fffd8017000 r-xp 00003000 00:3f 33876908                   /usr/lib/jvm/java-11-openjdk-amd64/lib/libawt_headless.so
7fffd8017000-7fffd8019000 r--p 00007000 00:3f 33876908                   /usr/lib/jvm/java-11-openjdk-amd64/lib/libawt_headless.so
7fffd8019000-7fffd801a000 r--p 00008000 00:3f 33876908                   /usr/lib/jvm/java-11-openjdk-amd64/lib/libawt_headless.so
7fffd801a000-7fffd801b000 rw-p 00009000 00:3f 33876908                   /usr/lib/jvm/java-11-openjdk-amd64/lib/libawt_headless.so
7fffd801b000-7fffd801f000 ---p 00000000 00:00 0 
7fffd801f000-7fffd803d000 rw-p 00000000 00:00 0 
7fffd803d000-7fffd84b0000 rw-p 00000000 00:00 0 
7fffd84b0000-7fffda158000 ---p 00000000 00:00 0 
7fffda158000-7fffda350000 rw-p 00000000 00:00 0 
7fffda350000-7fffdbff8000 ---p 00000000 00:00 0 
7fffdbff8000-7fffdc000000 rw-p 00000000 00:00 0 
7fffdc000000-7fffdc021000 rw-p 00000000 00:00 0 
7fffdc021000-7fffe0000000 ---p 00000000 00:00 0 
7fffe0001000-7fffe0003000 r--p 00000000 00:3f 33876926                   /usr/lib/jvm/java-11-openjdk-amd64/lib/libmanagement_ext.so
7fffe0003000-7fffe0006000 r-xp 00002000 00:3f 33876926                   /usr/lib/jvm/java-11-openjdk-amd64/lib/libmanagement_ext.so
7fffe0006000-7fffe0008000 r--p 00005000 00:3f 33876926                   /usr/lib/jvm/java-11-openjdk-amd64/lib/libmanagement_ext.so
7fffe0008000-7fffe0009000 r--p 00006000 00:3f 33876926                   /usr/lib/jvm/java-11-openjdk-amd64/lib/libmanagement_ext.so
7fffe0009000-7fffe000a000 rw-p 00007000 00:3f 33876926                   /usr/lib/jvm/java-11-openjdk-amd64/lib/libmanagement_ext.so
7fffe000a000-7fffe0012000 r--p 00000000 00:3f 33876934                   /usr/lib/jvm/java-11-openjdk-amd64/lib/libsunec.so
7fffe0012000-7fffe002b000 r-xp 00008000 00:3f 33876934                   /usr/lib/jvm/java-11-openjdk-amd64/lib/libsunec.so
7fffe002b000-7fffe0035000 r--p 00021000 00:3f 33876934                   /usr/lib/jvm/java-11-openjdk-amd64/lib/libsunec.so
7fffe0035000-7fffe0036000 ---p 0002b000 00:3f 33876934                   /usr/lib/jvm/java-11-openjdk-amd64/lib/libsunec.so
7fffe0036000-7fffe003a000 r--p 0002b000 00:3f 33876934                   /usr/lib/jvm/java-11-openjdk-amd64/lib/libsunec.so
7fffe003a000-7fffe003c000 rw-p 0002f000 00:3f 33876934                   /usr/lib/jvm/java-11-openjdk-amd64/lib/libsunec.so
7fffe003c000-7fffe06ce000 rw-p 00000000 00:00 0 
7fffe06ce000-7fffe06cf000 ---p 00000000 00:00 0 
7fffe06cf000-7fffe07cf000 rw-p 00000000 00:00 0 
7fffe07cf000-7fffe07d2000 r-xp 00000000 00:00 0 
7fffe07d2000-7fffe07d7000 rwxp 00000000 00:00 0 
7fffe07d7000-7fffe07da000 r-xp 00000000 00:00 0 
7fffe07da000-7fffe07db000 rwxp 00000000 00:00 0 
7fffe07db000-7fffe07f2000 r-xp 00000000 00:00 0 
7fffe07f2000-7fffe07f3000 rwxp 00000000 00:00 0 
7fffe07f3000-7fffe07f5000 r-xp 00000000 00:00 0 
7fffe07f5000-7fffe07fd000 rwxp 00000000 00:00 0 
7fffe07fd000-7fffe0803000 r-xp 00000000 00:00 0 
7fffe0803000-7fffe0804000 rwxp 00000000 00:00 0 
7fffe0804000-7fffe080c000 r-xp 00000000 00:00 0 
7fffe080c000-7fffe080d000 rwxp 00000000 00:00 0 
7fffe080d000-7fffe0815000 r-xp 00000000 00:00 0 
7fffe0815000-7fffe0818000 rwxp 00000000 00:00 0 
7fffe0818000-7fffe081d000 r-xp 00000000 00:00 0 
7fffe081d000-7fffe081e000 rwxp 00000000 00:00 0 
7fffe081e000-7fffe081f000 r-xp 00000000 00:00 0 
7fffe081f000-7fffe0826000 rwxp 00000000 00:00 0 
7fffe0826000-7fffe0828000 r-xp 00000000 00:00 0 
7fffe0828000-7fffe0830000 rwxp 00000000 00:00 0 
7fffe0830000-7fffe0832000 r-xp 00000000 00:00 0 
7fffe0832000-7fffe08bf000 rwxp 00000000 00:00 0 
7fffe08bf000-7fffe08c1000 r-xp 00000000 00:00 0 
7fffe08c1000-7fffe08c2000 rwxp 00000000 00:00 0 
7fffe08c2000-7fffe08d0000 r-xp 00000000 00:00 0 
7fffe08d0000-7fffe08d4000 rwxp 00000000 00:00 0 
7fffe08d4000-7fffe08d7000 r-xp 00000000 00:00 0 
7fffe08d7000-7fffe08dd000 rwxp 00000000 00:00 0 
7fffe08dd000-7fffe08e4000 r-xp 00000000 00:00 0 
7fffe08e4000-7fffe08e5000 rwxp 00000000 00:00 0 
7fffe08e5000-7fffe08e8000 r-xp 00000000 00:00 0 
7fffe08e8000-7fffe08ec000 rwxp 00000000 00:00 0 
7fffe08ec000-7fffe08ed000 r-xp 00000000 00:00 0 
7fffe08ed000-7fffe08f6000 rwxp 00000000 00:00 0 
7fffe08f6000-7fffe08f7000 r-xp 00000000 00:00 0 
7fffe08f7000-7fffe08ff000 rwxp 00000000 00:00 0 
7fffe08ff000-7fffe0900000 r-xp 00000000 00:00 0 
7fffe0900000-7fffe0a3f000 rwxp 00000000 00:00 0 
7fffe0a3f000-7fffe0d60000 ---p 00000000 00:00 0 
7fffe0d60000-7fffe0d62000 r-xp 00000000 00:00 0 
7fffe0d62000-7fffe0d66000 rwxp 00000000 00:00 0 
7fffe0d66000-7fffe0d67000 r-xp 00000000 00:00 0 
7fffe0d67000-7fffe0d69000 rwxp 00000000 00:00 0 
7fffe0d69000-7fffe0d6d000 r-xp 00000000 00:00 0 
7fffe0d6d000-7fffe0d6e000 rwxp 00000000 00:00 0 
7fffe0d6e000-7fffe0d71000 r-xp 00000000 00:00 0 
7fffe0d71000-7fffe0d74000 rwxp 00000000 00:00 0 
7fffe0d74000-7fffe0d7e000 r-xp 00000000 00:00 0 
7fffe0d7e000-7fffe0d7f000 rwxp 00000000 00:00 0 
7fffe0d7f000-7fffe0d80000 r-xp 00000000 00:00 0 
7fffe0d80000-7fffe0d82000 rwxp 00000000 00:00 0 
7fffe0d82000-7fffe0d85000 r-xp 00000000 00:00 0 
7fffe0d85000-7fffe0d87000 rwxp 00000000 00:00 0 
7fffe0d87000-7fffe0d88000 r-xp 00000000 00:00 0 
7fffe0d88000-7fffe0d8e000 rwxp 00000000 00:00 0 
7fffe0d8e000-7fffe0d91000 r-xp 00000000 00:00 0 
7fffe0d91000-7fffe0d92000 rwxp 00000000 00:00 0 
7fffe0d92000-7fffe0d99000 r-xp 00000000 00:00 0 
7fffe0d99000-7fffe0d9b000 rwxp 00000000 00:00 0 
7fffe0d9b000-7fffe0d9d000 r-xp 00000000 00:00 0 
7fffe0d9d000-7fffe0d9e000 rwxp 00000000 00:00 0 
7fffe0d9e000-7fffe0d9f000 r-xp 00000000 00:00 0 
7fffe0d9f000-7fffe0da0000 rwxp 00000000 00:00 0 
7fffe0da0000-7fffe0da1000 r-xp 00000000 00:00 0 
7fffe0da1000-7fffe0da5000 rwxp 00000000 00:00 0 
7fffe0da5000-7fffe0da7000 r-xp 00000000 00:00 0 
7fffe0da7000-7fffe0da8000 rwxp 00000000 00:00 0 
7fffe0da8000-7fffe0da9000 r-xp 00000000 00:00 0 
7fffe0da9000-7fffe0daa000 rwxp 00000000 00:00 0 
7fffe0daa000-7fffe0dab000 r-xp 00000000 00:00 0 
7fffe0dab000-7fffe0dac000 rwxp 00000000 00:00 0 
7fffe0dac000-7fffe0dae000 r-xp 00000000 00:00 0 
7fffe0dae000-7fffe0daf000 rwxp 00000000 00:00 0 
7fffe0daf000-7fffe0db1000 r-xp 00000000 00:00 0 
7fffe0db1000-7fffe0db2000 rwxp 00000000 00:00 0 
7fffe0db2000-7fffe0db9000 r-xp 00000000 00:00 0 
7fffe0db9000-7fffe0dbc000 rwxp 00000000 00:00 0 
7fffe0dbc000-7fffe0dbd000 r-xp 00000000 00:00 0 
7fffe0dbd000-7fffe0dbe000 rwxp 00000000 00:00 0 
7fffe0dbe000-7fffe0dc7000 r-xp 00000000 00:00 0 
7fffe0dc7000-7fffe0dc8000 rwxp 00000000 00:00 0 
7fffe0dc8000-7fffe0dcc000 r-xp 00000000 00:00 0 
7fffe0dcc000-7fffe0dcd000 rwxp 00000000 00:00 0 
7fffe0dcd000-7fffe0dd0000 r-xp 00000000 00:00 0 
7fffe0dd0000-7fffe0dd1000 rwxp 00000000 00:00 0 
7fffe0dd1000-7fffe0dd5000 r-xp 00000000 00:00 0 
7fffe0dd5000-7fffe0dd6000 rwxp 00000000 00:00 0 
7fffe0dd6000-7fffe0dd9000 r-xp 00000000 00:00 0 
7fffe0dd9000-7fffe0dda000 rwxp 00000000 00:00 0 
7fffe0dda000-7fffe0ddb000 r-xp 00000000 00:00 0 
7fffe0ddb000-7fffe0ddc000 rwxp 00000000 00:00 0 
7fffe0ddc000-7fffe0ddf000 r-xp 00000000 00:00 0 
7fffe0ddf000-7fffe0de2000 rwxp 00000000 00:00 0 
7fffe0de2000-7fffe0de5000 r-xp 00000000 00:00 0 
7fffe0de5000-7fffe0de6000 rwxp 00000000 00:00 0 
7fffe0de6000-7fffe0de8000 r-xp 00000000 00:00 0 
7fffe0de8000-7fffe0de9000 rwxp 00000000 00:00 0 
7fffe0de9000-7fffe0deb000 r-xp 00000000 00:00 0 
7fffe0deb000-7fffe0dee000 rwxp 00000000 00:00 0 
7fffe0dee000-7fffe0df3000 r-xp 00000000 00:00 0 
7fffe0df3000-7fffe0dfe000 rwxp 00000000 00:00 0 
7fffe0dfe000-7fffe0e00000 r-xp 00000000 00:00 0 
7fffe0e00000-7fffe0e01000 rwxp 00000000 00:00 0 
7fffe0e01000-7fffe0e04000 r-xp 00000000 00:00 0 
7fffe0e04000-7fffe0e08000 rwxp 00000000 00:00 0 
7fffe0e08000-7fffe0e09000 r-xp 00000000 00:00 0 
7fffe0e09000-7fffe0e0a000 rwxp 00000000 00:00 0 
7fffe0e0a000-7fffe0e0b000 r-xp 00000000 00:00 0 
7fffe0e0b000-7fffe0e10000 rwxp 00000000 00:00 0 
7fffe0e10000-7fffe0e13000 r-xp 00000000 00:00 0 
7fffe0e13000-7fffe0e1c000 rwxp 00000000 00:00 0 
7fffe0e1c000-7fffe0e20000 r-xp 00000000 00:00 0 
7fffe0e20000-7fffe0e22000 rwxp 00000000 00:00 0 
7fffe0e22000-7fffe0e27000 r-xp 00000000 00:00 0 
7fffe0e27000-7fffe0e29000 rwxp 00000000 00:00 0 
7fffe0e29000-7fffe0e2b000 r-xp 00000000 00:00 0 
7fffe0e2b000-7fffe0e2c000 rwxp 00000000 00:00 0 
7fffe0e2c000-7fffe0e31000 r-xp 00000000 00:00 0 
7fffe0e31000-7fffe0e36000 rwxp 00000000 00:00 0 
7fffe0e36000-7fffe0e38000 r-xp 00000000 00:00 0 
7fffe0e38000-7fffe0e3a000 rwxp 00000000 00:00 0 
7fffe0e3a000-7fffe0e3b000 r-xp 00000000 00:00 0 
7fffe0e3b000-7fffe0e3f000 rwxp 00000000 00:00 0 
7fffe0e3f000-7fffe0e42000 r-xp 00000000 00:00 0 
7fffe0e42000-7fffe0e43000 rwxp 00000000 00:00 0 
7fffe0e43000-7fffe0e46000 r-xp 00000000 00:00 0 
7fffe0e46000-7fffe0e48000 rwxp 00000000 00:00 0 
7fffe0e48000-7fffe0e49000 r-xp 00000000 00:00 0 
7fffe0e49000-7fffe0e4a000 rwxp 00000000 00:00 0 
7fffe0e4a000-7fffe0e4b000 r-xp 00000000 00:00 0 
7fffe0e4b000-7fffe0e4f000 rwxp 00000000 00:00 0 
7fffe0e4f000-7fffe0e54000 r-xp 00000000 00:00 0 
7fffe0e54000-7fffe0e56000 rwxp 00000000 00:00 0 
7fffe0e56000-7fffe0e58000 r-xp 00000000 00:00 0 
7fffe0e58000-7fffe0e59000 rwxp 00000000 00:00 0 
7fffe0e59000-7fffe0e5c000 r-xp 00000000 00:00 0 
7fffe0e5c000-7fffe0e5d000 rwxp 00000000 00:00 0 
7fffe0e5d000-7fffe0e5e000 r-xp 00000000 00:00 0 
7fffe0e5e000-7fffe0e67000 rwxp 00000000 00:00 0 
7fffe0e67000-7fffe0e68000 r-xp 00000000 00:00 0 
7fffe0e68000-7fffe0e69000 rwxp 00000000 00:00 0 
7fffe0e69000-7fffe0e6a000 r-xp 00000000 00:00 0 
7fffe0e6a000-7fffe0e6d000 rwxp 00000000 00:00 0 
7fffe0e6d000-7fffe0e6e000 r-xp 00000000 00:00 0 
7fffe0e6e000-7fffe0e71000 rwxp 00000000 00:00 0 
7fffe0e71000-7fffe0e79000 r-xp 00000000 00:00 0 
7fffe0e79000-7fffe0e7a000 rwxp 00000000 00:00 0 
7fffe0e7a000-7fffe0e7e000 r-xp 00000000 00:00 0 
7fffe0e7e000-7fffe0e82000 rwxp 00000000 00:00 0 
7fffe0e82000-7fffe0e88000 r-xp 00000000 00:00 0 
7fffe0e88000-7fffe0e8a000 rwxp 00000000 00:00 0 
7fffe0e8a000-7fffe0e8b000 r-xp 00000000 00:00 0 
7fffe0e8b000-7fffe0e8d000 rwxp 00000000 00:00 0 
7fffe0e8d000-7fffe0e8e000 r-xp 00000000 00:00 0 
7fffe0e8e000-7fffe0e8f000 rwxp 00000000 00:00 0 
7fffe0e8f000-7fffe0e90000 r-xp 00000000 00:00 0 
7fffe0e90000-7fffe0e91000 rwxp 00000000 00:00 0 
7fffe0e91000-7fffe0ea1000 r-xp 00000000 00:00 0 
7fffe0ea1000-7fffe0ea2000 rwxp 00000000 00:00 0 
7fffe0ea2000-7fffe0ea3000 r-xp 00000000 00:00 0 
7fffe0ea3000-7fffe0ea4000 rwxp 00000000 00:00 0 
7fffe0ea4000-7fffe0ea5000 r-xp 00000000 00:00 0 
7fffe0ea5000-7fffe0ea6000 rwxp 00000000 00:00 0 
7fffe0ea6000-7fffe0ea7000 r-xp 00000000 00:00 0 
7fffe0ea7000-7fffe0ea8000 rwxp 00000000 00:00 0 
7fffe0ea8000-7fffe0eb1000 r-xp 00000000 00:00 0 
7fffe0eb1000-7fffe0eb2000 rwxp 00000000 00:00 0 
7fffe0eb2000-7fffe0eb9000 r-xp 00000000 00:00 0 
7fffe0eb9000-7fffe0eba000 rwxp 00000000 00:00 0 
7fffe0eba000-7fffe0ebb000 r-xp 00000000 00:00 0 
7fffe0ebb000-7fffe0ebe000 rwxp 00000000 00:00 0 
7fffe0ebe000-7fffe0ec0000 r-xp 00000000 00:00 0 
7fffe0ec0000-7fffe0ec2000 rwxp 00000000 00:00 0 
7fffe0ec2000-7fffe0ec3000 r-xp 00000000 00:00 0 
7fffe0ec3000-7fffe0ec4000 rwxp 00000000 00:00 0 
7fffe0ec4000-7fffe0ec8000 r-xp 00000000 00:00 0 
7fffe0ec8000-7fffe0ec9000 rwxp 00000000 00:00 0 
7fffe0ec9000-7fffe0ed0000 r-xp 00000000 00:00 0 
7fffe0ed0000-7fffe0ed2000 rwxp 00000000 00:00 0 
7fffe0ed2000-7fffe0ed4000 r-xp 00000000 00:00 0 
7fffe0ed4000-7fffe0ed5000 rwxp 00000000 00:00 0 
7fffe0ed5000-7fffe0ed8000 r-xp 00000000 00:00 0 
7fffe0ed8000-7fffe0ed9000 rwxp 00000000 00:00 0 
7fffe0ed9000-7fffe0ee2000 r-xp 00000000 00:00 0 
7fffe0ee2000-7fffe0ee7000 rwxp 00000000 00:00 0 
7fffe0ee7000-7fffe0ee8000 r-xp 00000000 00:00 0 
7fffe0ee8000-7fffe0eed000 rwxp 00000000 00:00 0 
7fffe0eed000-7fffe0ef5000 r-xp 00000000 00:00 0 
7fffe0ef5000-7fffe0ef8000 rwxp 00000000 00:00 0 
7fffe0ef8000-7fffe0f00000 r-xp 00000000 00:00 0 
7fffe0f00000-7fffe0f01000 rwxp 00000000 00:00 0 
7fffe0f01000-7fffe0f02000 r-xp 00000000 00:00 0 
7fffe0f02000-7fffe0f05000 rwxp 00000000 00:00 0 
7fffe0f05000-7fffe0f06000 r-xp 00000000 00:00 0 
7fffe0f06000-7fffe0f07000 rwxp 00000000 00:00 0 
7fffe0f07000-7fffe0f09000 r-xp 00000000 00:00 0 
7fffe0f09000-7fffe0f0a000 rwxp 00000000 00:00 0 
7fffe0f0a000-7fffe0f0b000 r-xp 00000000 00:00 0 
7fffe0f0b000-7fffe0f0c000 rwxp 00000000 00:00 0 
7fffe0f0c000-7fffe0f10000 r-xp 00000000 00:00 0 
7fffe0f10000-7fffe0f13000 rwxp 00000000 00:00 0 
7fffe0f13000-7fffe0f14000 r-xp 00000000 00:00 0 
7fffe0f14000-7fffe0f18000 rwxp 00000000 00:00 0 
7fffe0f18000-7fffe0f19000 r-xp 00000000 00:00 0 
7fffe0f19000-7fffe0f1a000 rwxp 00000000 00:00 0 
7fffe0f1a000-7fffe0f1b000 r-xp 00000000 00:00 0 
7fffe0f1b000-7fffe0f1c000 rwxp 00000000 00:00 0 
7fffe0f1c000-7fffe0f1e000 r-xp 00000000 00:00 0 
7fffe0f1e000-7fffe0f1f000 rwxp 00000000 00:00 0 
7fffe0f1f000-7fffe0f20000 r-xp 00000000 00:00 0 
7fffe0f20000-7fffe0f21000 rwxp 00000000 00:00 0 
7fffe0f21000-7fffe0f27000 r-xp 00000000 00:00 0 
7fffe0f27000-7fffe0f2b000 rwxp 00000000 00:00 0 
7fffe0f2b000-7fffe0f2d000 r-xp 00000000 00:00 0 
7fffe0f2d000-7fffe0f2f000 rwxp 00000000 00:00 0 
7fffe0f2f000-7fffe0f31000 r-xp 00000000 00:00 0 
7fffe0f31000-7fffe0f38000 rwxp 00000000 00:00 0 
7fffe0f38000-7fffe0f3b000 r-xp 00000000 00:00 0 
7fffe0f3b000-7fffe0f3d000 rwxp 00000000 00:00 0 
7fffe0f3d000-7fffe0f3f000 r-xp 00000000 00:00 0 
7fffe0f3f000-7fffe0f44000 rwxp 00000000 00:00 0 
7fffe0f44000-7fffe0f49000 r-xp 00000000 00:00 0 
7fffe0f49000-7fffe0f4a000 rwxp 00000000 00:00 0 
7fffe0f4a000-7fffe0f50000 r-xp 00000000 00:00 0 
7fffe0f50000-7fffe0f57000 rwxp 00000000 00:00 0 
7fffe0f57000-7fffe0f58000 r-xp 00000000 00:00 0 
7fffe0f58000-7fffe0f5c000 rwxp 00000000 00:00 0 
7fffe0f5c000-7fffe0f5d000 r-xp 00000000 00:00 0 
7fffe0f5d000-7fffe0f60000 rwxp 00000000 00:00 0 
7fffe0f60000-7fffe0f62000 r-xp 00000000 00:00 0 
7fffe0f62000-7fffe0f64000 rwxp 00000000 00:00 0 
7fffe0f64000-7fffe0f66000 r-xp 00000000 00:00 0 
7fffe0f66000-7fffe0f67000 rwxp 00000000 00:00 0 
7fffe0f67000-7fffe0f69000 r-xp 00000000 00:00 0 
7fffe0f69000-7fffe0f70000 rwxp 00000000 00:00 0 
7fffe0f70000-7fffe0f74000 r-xp 00000000 00:00 0 
7fffe0f74000-7fffe0f80000 rwxp 00000000 00:00 0 
7fffe0f80000-7fffe0f83000 r-xp 00000000 00:00 0 
7fffe0f83000-7fffe0f84000 rwxp 00000000 00:00 0 
7fffe0f84000-7fffe0f85000 r-xp 00000000 00:00 0 
7fffe0f85000-7fffe0f86000 rwxp 00000000 00:00 0 
7fffe0f86000-7fffe0f87000 r-xp 00000000 00:00 0 
7fffe0f87000-7fffe0f88000 rwxp 00000000 00:00 0 
7fffe0f88000-7fffe0f89000 r-xp 00000000 00:00 0 
7fffe0f89000-7fffe0f8a000 rwxp 00000000 00:00 0 
7fffe0f8a000-7fffe0f8e000 r-xp 00000000 00:00 0 
7fffe0f8e000-7fffe0f8f000 rwxp 00000000 00:00 0 
7fffe0f8f000-7fffe0f90000 r-xp 00000000 00:00 0 
7fffe0f90000-7fffe0f92000 rwxp 00000000 00:00 0 
7fffe0f92000-7fffe0f95000 r-xp 00000000 00:00 0 
7fffe0f95000-7fffe0f96000 rwxp 00000000 00:00 0 
7fffe0f96000-7fffe0f9b000 r-xp 00000000 00:00 0 
7fffe0f9b000-7fffe0f9c000 rwxp 00000000 00:00 0 
7fffe0f9c000-7fffe0f9d000 r-xp 00000000 00:00 0 
7fffe0f9d000-7fffe0f9e000 rwxp 00000000 00:00 0 
7fffe0f9e000-7fffe0fa1000 r-xp 00000000 00:00 0 
7fffe0fa1000-7fffe0fa2000 rwxp 00000000 00:00 0 
7fffe0fa2000-7fffe0fa9000 r-xp 00000000 00:00 0 
7fffe0fa9000-7fffe0faa000 rwxp 00000000 00:00 0 
7fffe0faa000-7fffe0faf000 r-xp 00000000 00:00 0 
7fffe0faf000-7fffe0fb4000 rwxp 00000000 00:00 0 
7fffe0fb4000-7fffe0fb5000 r-xp 00000000 00:00 0 
7fffe0fb5000-7fffe0fb6000 rwxp 00000000 00:00 0 
7fffe0fb6000-7fffe0fb7000 r-xp 00000000 00:00 0 
7fffe0fb7000-7fffe0fb9000 rwxp 00000000 00:00 0 
7fffe0fb9000-7fffe0fba000 r-xp 00000000 00:00 0 
7fffe0fba000-7fffe0fbc000 rwxp 00000000 00:00 0 
7fffe0fbc000-7fffe0fbd000 r-xp 00000000 00:00 0 
7fffe0fbd000-7fffe0fc0000 rwxp 00000000 00:00 0 
7fffe0fc0000-7fffe0fc3000 r-xp 00000000 00:00 0 
7fffe0fc3000-7fffe0fc4000 rwxp 00000000 00:00 0 
7fffe0fc4000-7fffe0fc5000 r-xp 00000000 00:00 0 
7fffe0fc5000-7fffe0fc7000 rwxp 00000000 00:00 0 
7fffe0fc7000-7fffe0fc8000 r-xp 00000000 00:00 0 
7fffe0fc8000-7fffe0fca000 rwxp 00000000 00:00 0 
7fffe0fca000-7fffe0fcb000 r-xp 00000000 00:00 0 
7fffe0fcb000-7fffe0fd1000 rwxp 00000000 00:00 0 
7fffe0fd1000-7fffe0fd6000 r-xp 00000000 00:00 0 
7fffe0fd6000-7fffe0fd9000 rwxp 00000000 00:00 0 
7fffe0fd9000-7fffe0fdd000 r-xp 00000000 00:00 0 
7fffe0fdd000-7fffe0fe0000 rwxp 00000000 00:00 0 
7fffe0fe0000-7fffe0fe7000 r-xp 00000000 00:00 0 
7fffe0fe7000-7fffe0fe9000 rwxp 00000000 00:00 0 
7fffe0fe9000-7fffe0fef000 r-xp 00000000 00:00 0 
7fffe0fef000-7fffe0ff8000 rwxp 00000000 00:00 0 
7fffe0ff8000-7fffe0ff9000 r-xp 00000000 00:00 0 
7fffe0ff9000-7fffe0ffc000 rwxp 00000000 00:00 0 
7fffe0ffc000-7fffe0ffd000 r-xp 00000000 00:00 0 
7fffe0ffd000-7fffe1005000 rwxp 00000000 00:00 0 
7fffe1005000-7fffe1006000 r-xp 00000000 00:00 0 
7fffe1006000-7fffe1009000 rwxp 00000000 00:00 0 
7fffe1009000-7fffe100c000 r-xp 00000000 00:00 0 
7fffe100c000-7fffe1011000 rwxp 00000000 00:00 0 
7fffe1011000-7fffe1013000 r-xp 00000000 00:00 0 
7fffe1013000-7fffe1016000 rwxp 00000000 00:00 0 
7fffe1016000-7fffe101a000 r-xp 00000000 00:00 0 
7fffe101a000-7fffe101e000 rwxp 00000000 00:00 0 
7fffe101e000-7fffe101f000 r-xp 00000000 00:00 0 
7fffe101f000-7fffe102a000 rwxp 00000000 00:00 0 
7fffe102a000-7fffe102b000 r-xp 00000000 00:00 0 
7fffe102b000-7fffe102d000 rwxp 00000000 00:00 0 
7fffe102d000-7fffe102e000 r-xp 00000000 00:00 0 
7fffe102e000-7fffe102f000 rwxp 00000000 00:00 0 
7fffe102f000-7fffe1031000 r-xp 00000000 00:00 0 
7fffe1031000-7fffe1033000 rwxp 00000000 00:00 0 
7fffe1033000-7fffe1034000 r-xp 00000000 00:00 0 
7fffe1034000-7fffe103f000 rwxp 00000000 00:00 0 
7fffe103f000-7fffe1040000 r-xp 00000000 00:00 0 
7fffe1040000-7fffe1044000 rwxp 00000000 00:00 0 
7fffe1044000-7fffe1046000 r-xp 00000000 00:00 0 
7fffe1046000-7fffe104a000 rwxp 00000000 00:00 0 
7fffe104a000-7fffe104c000 r-xp 00000000 00:00 0 
7fffe104c000-7fffe1050000 rwxp 00000000 00:00 0 
7fffe1050000-7fffe1051000 r-xp 00000000 00:00 0 
7fffe1051000-7fffe1056000 rwxp 00000000 00:00 0 
7fffe1056000-7fffe1057000 r-xp 00000000 00:00 0 
7fffe1057000-7fffe105d000 rwxp 00000000 00:00 0 
7fffe105d000-7fffe105e000 r-xp 00000000 00:00 0 
7fffe105e000-7fffe1067000 rwxp 00000000 00:00 0 
7fffe1067000-7fffe1069000 r-xp 00000000 00:00 0 
7fffe1069000-7fffe1072000 rwxp 00000000 00:00 0 
7fffe1072000-7fffe1073000 r-xp 00000000 00:00 0 
7fffe1073000-7fffe1079000 rwxp 00000000 00:00 0 
7fffe1079000-7fffe107a000 r-xp 00000000 00:00 0 
7fffe107a000-7fffe107b000 rwxp 00000000 00:00 0 
7fffe107b000-7fffe107c000 r-xp 00000000 00:00 0 
7fffe107c000-7fffe107f000 rwxp 00000000 00:00 0 
7fffe107f000-7fffe1080000 r-xp 00000000 00:00 0 
7fffe1080000-7fffe1084000 rwxp 00000000 00:00 0 
7fffe1084000-7fffe1085000 r-xp 00000000 00:00 0 
7fffe1085000-7fffe1087000 rwxp 00000000 00:00 0 
7fffe1087000-7fffe1089000 r-xp 00000000 00:00 0 
7fffe1089000-7fffe108b000 rwxp 00000000 00:00 0 
7fffe108b000-7fffe108c000 r-xp 00000000 00:00 0 
7fffe108c000-7fffe1093000 rwxp 00000000 00:00 0 
7fffe1093000-7fffe1095000 r-xp 00000000 00:00 0 
7fffe1095000-7fffe109d000 rwxp 00000000 00:00 0 
7fffe109d000-7fffe109e000 r-xp 00000000 00:00 0 
7fffe109e000-7fffe10a0000 rwxp 00000000 00:00 0 
7fffe10a0000-7fffe10a2000 r-xp 00000000 00:00 0 
7fffe10a2000-7fffe10a8000 rwxp 00000000 00:00 0 
7fffe10a8000-7fffe10ab000 r-xp 00000000 00:00 0 
7fffe10ab000-7fffe10af000 rwxp 00000000 00:00 0 
7fffe10af000-7fffe10b0000 r-xp 00000000 00:00 0 
7fffe10b0000-7fffe10bd000 rwxp 00000000 00:00 0 
7fffe10bd000-7fffe10bf000 r-xp 00000000 00:00 0 
7fffe10bf000-7fffe10ca000 rwxp 00000000 00:00 0 
7fffe10ca000-7fffe10cb000 r-xp 00000000 00:00 0 
7fffe10cb000-7fffe10d5000 rwxp 00000000 00:00 0 
7fffe10d5000-7fffe10d6000 r-xp 00000000 00:00 0 
7fffe10d6000-7fffe10d7000 rwxp 00000000 00:00 0 
7fffe10d7000-7fffe10d8000 r-xp 00000000 00:00 0 
7fffe10d8000-7fffe10da000 rwxp 00000000 00:00 0 
7fffe10da000-7fffe10db000 r-xp 00000000 00:00 0 
7fffe10db000-7fffe10e4000 rwxp 00000000 00:00 0 
7fffe10e4000-7fffe10e5000 r-xp 00000000 00:00 0 
7fffe10e5000-7fffe10ec000 rwxp 00000000 00:00 0 
7fffe10ec000-7fffe10ed000 r-xp 00000000 00:00 0 
7fffe10ed000-7fffe10f3000 rwxp 00000000 00:00 0 
7fffe10f3000-7fffe10fa000 r-xp 00000000 00:00 0 
7fffe10fa000-7fffe10fb000 rwxp 00000000 00:00 0 
7fffe10fb000-7fffe1101000 r-xp 00000000 00:00 0 
7fffe1101000-7fffe1107000 rwxp 00000000 00:00 0 
7fffe1107000-7fffe1108000 r-xp 00000000 00:00 0 
7fffe1108000-7fffe1109000 rwxp 00000000 00:00 0 
7fffe1109000-7fffe110a000 r-xp 00000000 00:00 0 
7fffe110a000-7fffe110c000 rwxp 00000000 00:00 0 
7fffe110c000-7fffe110e000 r-xp 00000000 00:00 0 
7fffe110e000-7fffe1118000 rwxp 00000000 00:00 0 
7fffe1118000-7fffe111b000 r-xp 00000000 00:00 0 
7fffe111b000-7fffe1123000 rwxp 00000000 00:00 0 
7fffe1123000-7fffe1125000 r-xp 00000000 00:00 0 
7fffe1125000-7fffe1126000 rwxp 00000000 00:00 0 
7fffe1126000-7fffe1127000 r-xp 00000000 00:00 0 
7fffe1127000-7fffe112a000 rwxp 00000000 00:00 0 
7fffe112a000-7fffe112d000 r-xp 00000000 00:00 0 
7fffe112d000-7fffe1132000 rwxp 00000000 00:00 0 
7fffe1132000-7fffe1133000 r-xp 00000000 00:00 0 
7fffe1133000-7fffe1134000 rwxp 00000000 00:00 0 
7fffe1134000-7fffe1135000 r-xp 00000000 00:00 0 
7fffe1135000-7fffe1137000 rwxp 00000000 00:00 0 
7fffe1137000-7fffe1139000 r-xp 00000000 00:00 0 
7fffe1139000-7fffe113c000 rwxp 00000000 00:00 0 
7fffe113c000-7fffe113f000 r-xp 00000000 00:00 0 
7fffe113f000-7fffe1145000 rwxp 00000000 00:00 0 
7fffe1145000-7fffe1149000 r-xp 00000000 00:00 0 
7fffe1149000-7fffe114a000 rwxp 00000000 00:00 0 
7fffe114a000-7fffe114b000 r-xp 00000000 00:00 0 
7fffe114b000-7fffe114c000 rwxp 00000000 00:00 0 
7fffe114c000-7fffe114d000 r-xp 00000000 00:00 0 
7fffe114d000-7fffe114f000 rwxp 00000000 00:00 0 
7fffe114f000-7fffe1156000 r-xp 00000000 00:00 0 
7fffe1156000-7fffe1158000 rwxp 00000000 00:00 0 
7fffe1158000-7fffe1160000 r-xp 00000000 00:00 0 
7fffe1160000-7fffe1161000 rwxp 00000000 00:00 0 
7fffe1161000-7fffe1163000 r-xp 00000000 00:00 0 
7fffe1163000-7fffe1164000 rwxp 00000000 00:00 0 
7fffe1164000-7fffe1166000 r-xp 00000000 00:00 0 
7fffe1166000-7fffe1168000 rwxp 00000000 00:00 0 
7fffe1168000-7fffe1170000 r-xp 00000000 00:00 0 
7fffe1170000-7fffe1173000 rwxp 00000000 00:00 0 
7fffe1173000-7fffe1174000 r-xp 00000000 00:00 0 
7fffe1174000-7fffe1176000 rwxp 00000000 00:00 0 
7fffe1176000-7fffe1178000 r-xp 00000000 00:00 0 
7fffe1178000-7fffe117b000 rwxp 00000000 00:00 0 
7fffe117b000-7fffe117c000 r-xp 00000000 00:00 0 
7fffe117c000-7fffe117f000 rwxp 00000000 00:00 0 
7fffe117f000-7fffe1180000 r-xp 00000000 00:00 0 
7fffe1180000-7fffe1182000 rwxp 00000000 00:00 0 
7fffe1182000-7fffe1183000 r-xp 00000000 00:00 0 
7fffe1183000-7fffe1184000 rwxp 00000000 00:00 0 
7fffe1184000-7fffe118b000 r-xp 00000000 00:00 0 
7fffe118b000-7fffe118c000 rwxp 00000000 00:00 0 
7fffe118c000-7fffe118e000 r-xp 00000000 00:00 0 
7fffe118e000-7fffe1190000 rwxp 00000000 00:00 0 
7fffe1190000-7fffe1195000 r-xp 00000000 00:00 0 
7fffe1195000-7fffe1196000 rwxp 00000000 00:00 0 
7fffe1196000-7fffe119e000 r-xp 00000000 00:00 0 
7fffe119e000-7fffe119f000 rwxp 00000000 00:00 0 
7fffe119f000-7fffe11a1000 r-xp 00000000 00:00 0 
7fffe11a1000-7fffe11a4000 rwxp 00000000 00:00 0 
7fffe11a4000-7fffe11a6000 r-xp 00000000 00:00 0 
7fffe11a6000-7fffe11a8000 rwxp 00000000 00:00 0 
7fffe11a8000-7fffe11a9000 r-xp 00000000 00:00 0 
7fffe11a9000-7fffe11aa000 rwxp 00000000 00:00 0 
7fffe11aa000-7fffe11ad000 r-xp 00000000 00:00 0 
7fffe11ad000-7fffe11ae000 rwxp 00000000 00:00 0 
7fffe11ae000-7fffe11b0000 r-xp 00000000 00:00 0 
7fffe11b0000-7fffe11b2000 rwxp 00000000 00:00 0 
7fffe11b2000-7fffe11b3000 r-xp 00000000 00:00 0 
7fffe11b3000-7fffe11b5000 rwxp 00000000 00:00 0 
7fffe11b5000-7fffe11b9000 r-xp 00000000 00:00 0 
7fffe11b9000-7fffe11ba000 rwxp 00000000 00:00 0 
7fffe11ba000-7fffe11bf000 r-xp 00000000 00:00 0 
7fffe11bf000-7fffe11c0000 rwxp 00000000 00:00 0 
7fffe11c0000-7fffe11c7000 r-xp 00000000 00:00 0 
7fffe11c7000-7fffe11c8000 rwxp 00000000 00:00 0 
7fffe11c8000-7fffe11d0000 r-xp 00000000 00:00 0 
7fffe11d0000-7fffe11d1000 rwxp 00000000 00:00 0 
7fffe11d1000-7fffe11d4000 r-xp 00000000 00:00 0 
7fffe11d4000-7fffe11d5000 rwxp 00000000 00:00 0 
7fffe11d5000-7fffe11d6000 r-xp 00000000 00:00 0 
7fffe11d6000-7fffe11d8000 rwxp 00000000 00:00 0 
7fffe11d8000-7fffe11e0000 r-xp 00000000 00:00 0 
7fffe11e0000-7fffe11e1000 rwxp 00000000 00:00 0 
7fffe11e1000-7fffe11e6000 r-xp 00000000 00:00 0 
7fffe11e6000-7fffe11e8000 rwxp 00000000 00:00 0 
7fffe11e8000-7fffe11ed000 r-xp 00000000 00:00 0 
7fffe11ed000-7fffe11ef000 rwxp 00000000 00:00 0 
7fffe11ef000-7fffe11fa000 r-xp 00000000 00:00 0 
7fffe11fa000-7fffe11fb000 rwxp 00000000 00:00 0 
7fffe11fb000-7fffe11fc000 r-xp 00000000 00:00 0 
7fffe11fc000-7fffe11fd000 rwxp 00000000 00:00 0 
7fffe11fd000-7fffe11fe000 r-xp 00000000 00:00 0 
7fffe11fe000-7fffe11ff000 rwxp 00000000 00:00 0 
7fffe11ff000-7fffe1200000 r-xp 00000000 00:00 0 
7fffe1200000-7fffe1201000 rwxp 00000000 00:00 0 
7fffe1201000-7fffe1202000 r-xp 00000000 00:00 0 
7fffe1202000-7fffe1204000 rwxp 00000000 00:00 0 
7fffe1204000-7fffe1210000 r-xp 00000000 00:00 0 
7fffe1210000-7fffe1214000 rwxp 00000000 00:00 0 
7fffe1214000-7fffe121d000 r-xp 00000000 00:00 0 
7fffe121d000-7fffe1220000 rwxp 00000000 00:00 0 
7fffe1220000-7fffe1221000 r-xp 00000000 00:00 0 
7fffe1221000-7fffe1223000 rwxp 00000000 00:00 0 
7fffe1223000-7fffe1227000 r-xp 00000000 00:00 0 
7fffe1227000-7fffe122d000 rwxp 00000000 00:00 0 
7fffe122d000-7fffe1232000 r-xp 00000000 00:00 0 
7fffe1232000-7fffe1233000 rwxp 00000000 00:00 0 
7fffe1233000-7fffe1234000 r-xp 00000000 00:00 0 
7fffe1234000-7fffe1235000 rwxp 00000000 00:00 0 
7fffe1235000-7fffe1237000 r-xp 00000000 00:00 0 
7fffe1237000-7fffe1239000 rwxp 00000000 00:00 0 
7fffe1239000-7fffe123b000 r-xp 00000000 00:00 0 
7fffe123b000-7fffe123e000 rwxp 00000000 00:00 0 
7fffe123e000-7fffe1240000 r-xp 00000000 00:00 0 
7fffe1240000-7fffe1243000 rwxp 00000000 00:00 0 
7fffe1243000-7fffe1244000 r-xp 00000000 00:00 0 
7fffe1244000-7fffe1245000 rwxp 00000000 00:00 0 
7fffe1245000-7fffe1247000 r-xp 00000000 00:00 0 
7fffe1247000-7fffe1256000 rwxp 00000000 00:00 0 
7fffe1256000-7fffe1257000 r-xp 00000000 00:00 0 
7fffe1257000-7fffe1261000 rwxp 00000000 00:00 0 
7fffe1261000-7fffe1264000 r-xp 00000000 00:00 0 
7fffe1264000-7fffe1266000 rwxp 00000000 00:00 0 
7fffe1266000-7fffe1267000 r-xp 00000000 00:00 0 
7fffe1267000-7fffe126f000 rwxp 00000000 00:00 0 
7fffe126f000-7fffe1270000 r-xp 00000000 00:00 0 
7fffe1270000-7fffe1279000 rwxp 00000000 00:00 0 
7fffe1279000-7fffe127b000 r-xp 00000000 00:00 0 
7fffe127b000-7fffe128b000 rwxp 00000000 00:00 0 
7fffe128b000-7fffe128c000 r-xp 00000000 00:00 0 
7fffe128c000-7fffe128f000 rwxp 00000000 00:00 0 
7fffe128f000-7fffe1290000 r-xp 00000000 00:00 0 
7fffe1290000-7fffe1291000 rwxp 00000000 00:00 0 
7fffe1291000-7fffe1292000 r-xp 00000000 00:00 0 
7fffe1292000-7fffe1295000 rwxp 00000000 00:00 0 
7fffe1295000-7fffe1297000 r-xp 00000000 00:00 0 
7fffe1297000-7fffe1298000 rwxp 00000000 00:00 0 
7fffe1298000-7fffe129b000 r-xp 00000000 00:00 0 
7fffe129b000-7fffe129c000 rwxp 00000000 00:00 0 
7fffe129c000-7fffe129d000 r-xp 00000000 00:00 0 
7fffe129d000-7fffe12a3000 rwxp 00000000 00:00 0 
7fffe12a3000-7fffe12a4000 r-xp 00000000 00:00 0 
7fffe12a4000-7fffe12ad000 rwxp 00000000 00:00 0 
7fffe12ad000-7fffe12b1000 r-xp 00000000 00:00 0 
7fffe12b1000-7fffe12b4000 rwxp 00000000 00:00 0 
7fffe12b4000-7fffe12b6000 r-xp 00000000 00:00 0 
7fffe12b6000-7fffe12be000 rwxp 00000000 00:00 0 
7fffe12be000-7fffe12bf000 r-xp 00000000 00:00 0 
7fffe12bf000-7fffe12c5000 rwxp 00000000 00:00 0 
7fffe12c5000-7fffe12c6000 r-xp 00000000 00:00 0 
7fffe12c6000-7fffe12ca000 rwxp 00000000 00:00 0 
7fffe12ca000-7fffe12cb000 r-xp 00000000 00:00 0 
7fffe12cb000-7fffe12cf000 rwxp 00000000 00:00 0 
7fffe12cf000-7fffe12d0000 r-xp 00000000 00:00 0 
7fffe12d0000-7fffe12d7000 rwxp 00000000 00:00 0 
7fffe12d7000-7fffe12d8000 r-xp 00000000 00:00 0 
7fffe12d8000-7fffe12dc000 rwxp 00000000 00:00 0 
7fffe12dc000-7fffe12dd000 r-xp 00000000 00:00 0 
7fffe12dd000-7fffe12e1000 rwxp 00000000 00:00 0 
7fffe12e1000-7fffe12e2000 r-xp 00000000 00:00 0 
7fffe12e2000-7fffe12e9000 rwxp 00000000 00:00 0 
7fffe12e9000-7fffe12ea000 r-xp 00000000 00:00 0 
7fffe12ea000-7fffe12ee000 rwxp 00000000 00:00 0 
7fffe12ee000-7fffe12f0000 r-xp 00000000 00:00 0 
7fffe12f0000-7fffe12f4000 rwxp 00000000 00:00 0 
7fffe12f4000-7fffe12f5000 r-xp 00000000 00:00 0 
7fffe12f5000-7fffe1301000 rwxp 00000000 00:00 0 
7fffe1301000-7fffe1302000 r-xp 00000000 00:00 0 
7fffe1302000-7fffe1303000 rwxp 00000000 00:00 0 
7fffe1303000-7fffe1306000 r-xp 00000000 00:00 0 
7fffe1306000-7fffe130b000 rwxp 00000000 00:00 0 
7fffe130b000-7fffe130d000 r-xp 00000000 00:00 0 
7fffe130d000-7fffe130e000 rwxp 00000000 00:00 0 
7fffe130e000-7fffe130f000 r-xp 00000000 00:00 0 
7fffe130f000-7fffe1311000 rwxp 00000000 00:00 0 
7fffe1311000-7fffe1312000 r-xp 00000000 00:00 0 
7fffe1312000-7fffe1313000 rwxp 00000000 00:00 0 
7fffe1313000-7fffe1315000 r-xp 00000000 00:00 0 
7fffe1315000-7fffe131b000 rwxp 00000000 00:00 0 
7fffe131b000-7fffe131c000 r-xp 00000000 00:00 0 
7fffe131c000-7fffe131d000 rwxp 00000000 00:00 0 
7fffe131d000-7fffe131e000 r-xp 00000000 00:00 0 
7fffe131e000-7fffe1320000 rwxp 00000000 00:00 0 
7fffe1320000-7fffe1326000 r-xp 00000000 00:00 0 
7fffe1326000-7fffe132c000 rwxp 00000000 00:00 0 
7fffe132c000-7fffe132d000 r-xp 00000000 00:00 0 
7fffe132d000-7fffe132e000 rwxp 00000000 00:00 0 
7fffe132e000-7fffe132f000 r-xp 00000000 00:00 0 
7fffe132f000-7fffe1338000 rwxp 00000000 00:00 0 
7fffe1338000-7fffe133a000 r-xp 00000000 00:00 0 
7fffe133a000-7fffe133b000 rwxp 00000000 00:00 0 
7fffe133b000-7fffe133d000 r-xp 00000000 00:00 0 
7fffe133d000-7fffe133e000 rwxp 00000000 00:00 0 
7fffe133e000-7fffe133f000 r-xp 00000000 00:00 0 
7fffe133f000-7fffe1342000 rwxp 00000000 00:00 0 
7fffe1342000-7fffe1344000 r-xp 00000000 00:00 0 
7fffe1344000-7fffe1352000 rwxp 00000000 00:00 0 
7fffe1352000-7fffe1354000 r-xp 00000000 00:00 0 
7fffe1354000-7fffe135c000 rwxp 00000000 00:00 0 
7fffe135c000-7fffe135d000 r-xp 00000000 00:00 0 
7fffe135d000-7fffe1367000 rwxp 00000000 00:00 0 
7fffe1367000-7fffe1369000 r-xp 00000000 00:00 0 
7fffe1369000-7fffe136b000 rwxp 00000000 00:00 0 
7fffe136b000-7fffe136c000 r-xp 00000000 00:00 0 
7fffe136c000-7fffe136e000 rwxp 00000000 00:00 0 
7fffe136e000-7fffe136f000 r-xp 00000000 00:00 0 
7fffe136f000-7fffe1372000 rwxp 00000000 00:00 0 
7fffe1372000-7fffe1373000 r-xp 00000000 00:00 0 
7fffe1373000-7fffe1377000 rwxp 00000000 00:00 0 
7fffe1377000-7fffe1378000 r-xp 00000000 00:00 0 
7fffe1378000-7fffe137a000 rwxp 00000000 00:00 0 
7fffe137a000-7fffe137b000 r-xp 00000000 00:00 0 
7fffe137b000-7fffe1380000 rwxp 00000000 00:00 0 
7fffe1380000-7fffe1383000 r-xp 00000000 00:00 0 
7fffe1383000-7fffe138b000 rwxp 00000000 00:00 0 
7fffe138b000-7fffe138d000 r-xp 00000000 00:00 0 
7fffe138d000-7fffe1396000 rwxp 00000000 00:00 0 
7fffe1396000-7fffe1397000 r-xp 00000000 00:00 0 
7fffe1397000-7fffe1399000 rwxp 00000000 00:00 0 
7fffe1399000-7fffe139b000 r-xp 00000000 00:00 0 
7fffe139b000-7fffe139f000 rwxp 00000000 00:00 0 
7fffe139f000-7fffe13a0000 r-xp 00000000 00:00 0 
7fffe13a0000-7fffe13a5000 rwxp 00000000 00:00 0 
7fffe13a5000-7fffe13a6000 r-xp 00000000 00:00 0 
7fffe13a6000-7fffe13b2000 rwxp 00000000 00:00 0 
7fffe13b2000-7fffe13b3000 r-xp 00000000 00:00 0 
7fffe13b3000-7fffe13bd000 rwxp 00000000 00:00 0 
7fffe13bd000-7fffe13be000 r-xp 00000000 00:00 0 
7fffe13be000-7fffe13bf000 rwxp 00000000 00:00 0 
7fffe13bf000-7fffe13c0000 r-xp 00000000 00:00 0 
7fffe13c0000-7fffe13c9000 rwxp 00000000 00:00 0 
7fffe13c9000-7fffe13ca000 r-xp 00000000 00:00 0 
7fffe13ca000-7fffe13cb000 rwxp 00000000 00:00 0 
7fffe13cb000-7fffe13cc000 r-xp 00000000 00:00 0 
7fffe13cc000-7fffe13df000 rwxp 00000000 00:00 0 
7fffe13df000-7fffe13e0000 r-xp 00000000 00:00 0 
7fffe13e0000-7fffe13fc000 rwxp 00000000 00:00 0 
7fffe13fc000-7fffe13fd000 r-xp 00000000 00:00 0 
7fffe13fd000-7fffe1402000 rwxp 00000000 00:00 0 
7fffe1402000-7fffe1404000 r-xp 00000000 00:00 0 
7fffe1404000-7fffe1407000 rwxp 00000000 00:00 0 
7fffe1407000-7fffe1409000 r-xp 00000000 00:00 0 
7fffe1409000-7fffe1411000 rwxp 00000000 00:00 0 
7fffe1411000-7fffe1412000 r-xp 00000000 00:00 0 
7fffe1412000-7fffe142e000 rwxp 00000000 00:00 0 
7fffe142e000-7fffe142f000 r-xp 00000000 00:00 0 
7fffe142f000-7fffe1438000 rwxp 00000000 00:00 0 
7fffe1438000-7fffe1439000 r-xp 00000000 00:00 0 
7fffe1439000-7fffe143a000 rwxp 00000000 00:00 0 
7fffe143a000-7fffe143b000 r-xp 00000000 00:00 0 
7fffe143b000-7fffe143d000 rwxp 00000000 00:00 0 
7fffe143d000-7fffe143e000 r-xp 00000000 00:00 0 
7fffe143e000-7fffe1440000 rwxp 00000000 00:00 0 
7fffe1440000-7fffe1442000 r-xp 00000000 00:00 0 
7fffe1442000-7fffe1452000 rwxp 00000000 00:00 0 
7fffe1452000-7fffe1454000 r-xp 00000000 00:00 0 
7fffe1454000-7fffe1455000 rwxp 00000000 00:00 0 
7fffe1455000-7fffe1457000 r-xp 00000000 00:00 0 
7fffe1457000-7fffe1460000 rwxp 00000000 00:00 0 
7fffe1460000-7fffe8297000 ---p 00000000 00:00 0 
7fffe8297000-7fffe82a8000 r-xp 00000000 00:00 0 
7fffe82a8000-7fffe82a9000 rwxp 00000000 00:00 0 
7fffe82a9000-7fffe82b5000 r-xp 00000000 00:00 0 
7fffe82b5000-7fffe82b7000 rwxp 00000000 00:00 0 
7fffe82b7000-7fffe82b8000 r-xp 00000000 00:00 0 
7fffe82b8000-7fffe82b9000 rwxp 00000000 00:00 0 
7fffe82b9000-7fffe82c3000 r-xp 00000000 00:00 0 
7fffe82c3000-7fffe82c4000 rwxp 00000000 00:00 0 
7fffe82c4000-7fffe82d8000 r-xp 00000000 00:00 0 
7fffe82d8000-7fffe82d9000 rwxp 00000000 00:00 0 
7fffe82d9000-7fffe82da000 r-xp 00000000 00:00 0 
7fffe82da000-7fffe82db000 rwxp 00000000 00:00 0 
7fffe82db000-7fffe82e3000 r-xp 00000000 00:00 0 
7fffe82e3000-7fffe82e7000 rwxp 00000000 00:00 0 
7fffe82e7000-7fffe82e8000 r-xp 00000000 00:00 0 
7fffe82e8000-7fffe82ea000 rwxp 00000000 00:00 0 
7fffe82ea000-7fffe82eb000 r-xp 00000000 00:00 0 
7fffe82eb000-7fffe82f0000 rwxp 00000000 00:00 0 
7fffe82f0000-7fffe82f7000 r-xp 00000000 00:00 0 
7fffe82f7000-7fffe82f8000 rwxp 00000000 00:00 0 
7fffe82f8000-7fffe82fb000 r-xp 00000000 00:00 0 
7fffe82fb000-7fffe82fd000 rwxp 00000000 00:00 0 
7fffe82fd000-7fffe8308000 r-xp 00000000 00:00 0 
7fffe8308000-7fffe8309000 rwxp 00000000 00:00 0 
7fffe8309000-7fffe830c000 r-xp 00000000 00:00 0 
7fffe830c000-7fffe8310000 rwxp 00000000 00:00 0 
7fffe8310000-7fffe8311000 r-xp 00000000 00:00 0 
7fffe8311000-7fffe8315000 rwxp 00000000 00:00 0 
7fffe8315000-7fffe8316000 r-xp 00000000 00:00 0 
7fffe8316000-7fffe8317000 rwxp 00000000 00:00 0 
7fffe8317000-7fffe8319000 r-xp 00000000 00:00 0 
7fffe8319000-7fffe831d000 rwxp 00000000 00:00 0 
7fffe831d000-7fffe831e000 r-xp 00000000 00:00 0 
7fffe831e000-7fffe8327000 rwxp 00000000 00:00 0 
7fffe8327000-7fffe8328000 r-xp 00000000 00:00 0 
7fffe8328000-7fffe8329000 rwxp 00000000 00:00 0 
7fffe8329000-7fffe832b000 r-xp 00000000 00:00 0 
7fffe832b000-7fffe832c000 rwxp 00000000 00:00 0 
7fffe832c000-7fffe832d000 r-xp 00000000 00:00 0 
7fffe832d000-7fffe8331000 rwxp 00000000 00:00 0 
7fffe8331000-7fffe8335000 r-xp 00000000 00:00 0 
7fffe8335000-7fffe833b000 rwxp 00000000 00:00 0 
7fffe833b000-7fffe833c000 r-xp 00000000 00:00 0 
7fffe833c000-7fffe833d000 rwxp 00000000 00:00 0 
7fffe833d000-7fffe8343000 r-xp 00000000 00:00 0 
7fffe8343000-7fffe8345000 rwxp 00000000 00:00 0 
7fffe8345000-7fffe8346000 r-xp 00000000 00:00 0 
7fffe8346000-7fffe834a000 rwxp 00000000 00:00 0 
7fffe834a000-7fffe834d000 r-xp 00000000 00:00 0 
7fffe834d000-7fffe834e000 rwxp 00000000 00:00 0 
7fffe834e000-7fffe8351000 r-xp 00000000 00:00 0 
7fffe8351000-7fffe8353000 rwxp 00000000 00:00 0 
7fffe8353000-7fffe8356000 r-xp 00000000 00:00 0 
7fffe8356000-7fffe8359000 rwxp 00000000 00:00 0 
7fffe8359000-7fffe835a000 r-xp 00000000 00:00 0 
7fffe835a000-7fffe835c000 rwxp 00000000 00:00 0 
7fffe835c000-7fffe835d000 r-xp 00000000 00:00 0 
7fffe835d000-7fffe835e000 rwxp 00000000 00:00 0 
7fffe835e000-7fffe8361000 r-xp 00000000 00:00 0 
7fffe8361000-7fffe8362000 rwxp 00000000 00:00 0 
7fffe8362000-7fffe8367000 r-xp 00000000 00:00 0 
7fffe8367000-7fffe8369000 rwxp 00000000 00:00 0 
7fffe8369000-7fffe836b000 r-xp 00000000 00:00 0 
7fffe836b000-7fffe836e000 rwxp 00000000 00:00 0 
7fffe836e000-7fffe8374000 r-xp 00000000 00:00 0 
7fffe8374000-7fffe8375000 rwxp 00000000 00:00 0 
7fffe8375000-7fffe8379000 r-xp 00000000 00:00 0 
7fffe8379000-7fffe8383000 rwxp 00000000 00:00 0 
7fffe8383000-7fffe8384000 r-xp 00000000 00:00 0 
7fffe8384000-7fffe8386000 rwxp 00000000 00:00 0 
7fffe8386000-7fffe8388000 r-xp 00000000 00:00 0 
7fffe8388000-7fffe838f000 rwxp 00000000 00:00 0 
7fffe838f000-7fffe8390000 r-xp 00000000 00:00 0 
7fffe8390000-7fffe8392000 rwxp 00000000 00:00 0 
7fffe8392000-7fffe8393000 r-xp 00000000 00:00 0 
7fffe8393000-7fffe8396000 rwxp 00000000 00:00 0 
7fffe8396000-7fffe8397000 r-xp 00000000 00:00 0 
7fffe8397000-7fffe8399000 rwxp 00000000 00:00 0 
7fffe8399000-7fffe839a000 r-xp 00000000 00:00 0 
7fffe839a000-7fffe83a1000 rwxp 00000000 00:00 0 
7fffe83a1000-7fffe83a2000 r-xp 00000000 00:00 0 
7fffe83a2000-7fffe83a5000 rwxp 00000000 00:00 0 
7fffe83a5000-7fffe83a6000 r-xp 00000000 00:00 0 
7fffe83a6000-7fffe83a9000 rwxp 00000000 00:00 0 
7fffe83a9000-7fffe83aa000 r-xp 00000000 00:00 0 
7fffe83aa000-7fffe83ac000 rwxp 00000000 00:00 0 
7fffe83ac000-7fffe83ae000 r-xp 00000000 00:00 0 
7fffe83ae000-7fffe83b1000 rwxp 00000000 00:00 0 
7fffe83b1000-7fffe83b2000 r-xp 00000000 00:00 0 
7fffe83b2000-7fffe83b4000 rwxp 00000000 00:00 0 
7fffe83b4000-7fffe83b5000 r-xp 00000000 00:00 0 
7fffe83b5000-7fffe83bb000 rwxp 00000000 00:00 0 
7fffe83bb000-7fffe83be000 r-xp 00000000 00:00 0 
7fffe83be000-7fffe83c0000 rwxp 00000000 00:00 0 
7fffe83c0000-7fffe83c1000 r-xp 00000000 00:00 0 
7fffe83c1000-7fffe83c3000 rwxp 00000000 00:00 0 
7fffe83c3000-7fffe83c5000 r-xp 00000000 00:00 0 
7fffe83c5000-7fffe83cb000 rwxp 00000000 00:00 0 
7fffe83cb000-7fffe83cc000 r-xp 00000000 00:00 0 
7fffe83cc000-7fffe83ce000 rwxp 00000000 00:00 0 
7fffe83ce000-7fffe83d0000 r-xp 00000000 00:00 0 
7fffe83d0000-7fffe83d1000 rwxp 00000000 00:00 0 
7fffe83d1000-7fffe83d2000 r-xp 00000000 00:00 0 
7fffe83d2000-7fffe83d4000 rwxp 00000000 00:00 0 
7fffe83d4000-7fffe83d5000 r-xp 00000000 00:00 0 
7fffe83d5000-7fffe83d7000 rwxp 00000000 00:00 0 
7fffe83d7000-7fffe83d8000 r-xp 00000000 00:00 0 
7fffe83d8000-7fffe83e7000 rwxp 00000000 00:00 0 
7fffe83e7000-7fffe83e8000 r-xp 00000000 00:00 0 
7fffe83e8000-7fffe83e9000 rwxp 00000000 00:00 0 
7fffe83e9000-7fffe83eb000 r-xp 00000000 00:00 0 
7fffe83eb000-7fffe83f5000 rwxp 00000000 00:00 0 
7fffe83f5000-7fffe83f8000 r-xp 00000000 00:00 0 
7fffe83f8000-7fffe83fc000 rwxp 00000000 00:00 0 
7fffe83fc000-7fffe83fd000 r-xp 00000000 00:00 0 
7fffe83fd000-7fffe83ff000 rwxp 00000000 00:00 0 
7fffe83ff000-7fffe8400000 r-xp 00000000 00:00 0 
7fffe8400000-7fffe8403000 rwxp 00000000 00:00 0 
7fffe8403000-7fffe8405000 r-xp 00000000 00:00 0 
7fffe8405000-7fffe841b000 rwxp 00000000 00:00 0 
7fffe841b000-7fffe841c000 r-xp 00000000 00:00 0 
7fffe841c000-7fffe8421000 rwxp 00000000 00:00 0 
7fffe8421000-7fffe8423000 r-xp 00000000 00:00 0 
7fffe8423000-7fffe8427000 rwxp 00000000 00:00 0 
7fffe8427000-7fffe842a000 r-xp 00000000 00:00 0 
7fffe842a000-7fffe842b000 rwxp 00000000 00:00 0 
7fffe842b000-7fffe842c000 r-xp 00000000 00:00 0 
7fffe842c000-7fffe8430000 rwxp 00000000 00:00 0 
7fffe8430000-7fffe8431000 r-xp 00000000 00:00 0 
7fffe8431000-7fffe8433000 rwxp 00000000 00:00 0 
7fffe8433000-7fffe8435000 r-xp 00000000 00:00 0 
7fffe8435000-7fffe843b000 rwxp 00000000 00:00 0 
7fffe843b000-7fffe843c000 r-xp 00000000 00:00 0 
7fffe843c000-7fffe8443000 rwxp 00000000 00:00 0 
7fffe8443000-7fffe8444000 r-xp 00000000 00:00 0 
7fffe8444000-7fffe8448000 rwxp 00000000 00:00 0 
7fffe8448000-7fffe844b000 r-xp 00000000 00:00 0 
7fffe844b000-7fffe844c000 rwxp 00000000 00:00 0 
7fffe844c000-7fffe8452000 r-xp 00000000 00:00 0 
7fffe8452000-7fffe8507000 rwxp 00000000 00:00 0 
7fffe8507000-7fffef7cf000 ---p 00000000 00:00 0 
7fffef7cf000-7ffff8000000 r--s 00000000 00:3f 33876938                   /usr/lib/jvm/java-11-openjdk-amd64/lib/modules
7ffff8000000-7ffff87c0000 rw-p 00000000 00:00 0 
7ffff87c0000-7ffffc000000 ---p 00000000 00:00 0 
7ffffc005000-7ffffc008000 r--p 00000000 00:3f 33876924                   /usr/lib/jvm/java-11-openjdk-amd64/lib/libmanagement.so
7ffffc008000-7ffffc009000 r-xp 00003000 00:3f 33876924                   /usr/lib/jvm/java-11-openjdk-amd64/lib/libmanagement.so
7ffffc009000-7ffffc00a000 r--p 00004000 00:3f 33876924                   /usr/lib/jvm/java-11-openjdk-amd64/lib/libmanagement.so
7ffffc00a000-7ffffc00b000 r--p 00004000 00:3f 33876924                   /usr/lib/jvm/java-11-openjdk-amd64/lib/libmanagement.so
7ffffc00b000-7ffffc00c000 rw-p 00005000 00:3f 33876924                   /usr/lib/jvm/java-11-openjdk-amd64/lib/libmanagement.so
7ffffc00c000-7ffffc010000 r--p 00000000 00:3f 33876928                   /usr/lib/jvm/java-11-openjdk-amd64/lib/libnet.so
7ffffc010000-7ffffc01e000 r-xp 00004000 00:3f 33876928                   /usr/lib/jvm/java-11-openjdk-amd64/lib/libnet.so
7ffffc01e000-7ffffc022000 r--p 00012000 00:3f 33876928                   /usr/lib/jvm/java-11-openjdk-amd64/lib/libnet.so
7ffffc022000-7ffffc023000 r--p 00015000 00:3f 33876928                   /usr/lib/jvm/java-11-openjdk-amd64/lib/libnet.so
7ffffc023000-7ffffc024000 rw-p 00016000 00:3f 33876928                   /usr/lib/jvm/java-11-openjdk-amd64/lib/libnet.so
7ffffc024000-7ffffc02b000 r--p 00000000 00:3f 33876929                   /usr/lib/jvm/java-11-openjdk-amd64/lib/libnio.so
7ffffc02b000-7ffffc033000 r-xp 00007000 00:3f 33876929                   /usr/lib/jvm/java-11-openjdk-amd64/lib/libnio.so
7ffffc033000-7ffffc036000 r--p 0000f000 00:3f 33876929                   /usr/lib/jvm/java-11-openjdk-amd64/lib/libnio.so
7ffffc036000-7ffffc037000 r--p 00011000 00:3f 33876929                   /usr/lib/jvm/java-11-openjdk-amd64/lib/libnio.so
7ffffc037000-7ffffc038000 rw-p 00012000 00:3f 33876929                   /usr/lib/jvm/java-11-openjdk-amd64/lib/libnio.so
7ffffc038000-7ffffc0a2000 rw-p 00000000 00:00 0 
7ffffc0a2000-7ffffc0a3000 ---p 00000000 00:00 0 
7ffffc0a3000-7ffffc1a3000 rw-p 00000000 00:00 0 
7ffffc1a3000-7ffffc29d000 rw-p 00000000 00:00 0 
7ffffc29d000-7ffffc632000 ---p 00000000 00:00 0 
7ffffc632000-7ffffc671000 rw-p 00000000 00:00 0 
7ffffc671000-7ffffca06000 ---p 00000000 00:00 0 
7ffffca06000-7ffffca45000 rw-p 00000000 00:00 0 
7ffffca45000-7ffffcdda000 ---p 00000000 00:00 0 
7ffffcdda000-7ffffd8e6000 rw-p 00000000 00:00 0 
7ffffd8e6000-7ffffd8e7000 ---p 00000000 00:00 0 
7ffffd8e7000-7ffffd9e7000 rw-p 00000000 00:00 0 
7ffffd9e7000-7ffffd9ec000 rw-p 00000000 00:00 0 
7ffffd9ec000-7ffffdad2000 ---p 00000000 00:00 0 
7ffffdad2000-7ffffdae0000 rw-p 00000000 00:00 0 
7ffffdae0000-7ffffdbbd000 ---p 00000000 00:00 0 
7ffffdbbd000-7ffffdbc2000 rw-p 00000000 00:00 0 
7ffffdbc2000-7ffffdbc9000 ---p 00000000 00:00 0 
7ffffdbc9000-7ffffdbcb000 r--p 00000000 00:3f 33876937                   /usr/lib/jvm/java-11-openjdk-amd64/lib/libzip.so
7ffffdbcb000-7ffffdbd0000 r-xp 00002000 00:3f 33876937                   /usr/lib/jvm/java-11-openjdk-amd64/lib/libzip.so
7ffffdbd0000-7ffffdbd2000 r--p 00007000 00:3f 33876937                   /usr/lib/jvm/java-11-openjdk-amd64/lib/libzip.so
7ffffdbd2000-7ffffdbd3000 r--p 00008000 00:3f 33876937                   /usr/lib/jvm/java-11-openjdk-amd64/lib/libzip.so
7ffffdbd3000-7ffffdbd4000 rw-p 00009000 00:3f 33876937                   /usr/lib/jvm/java-11-openjdk-amd64/lib/libzip.so
7ffffdbd4000-7ffffdbdc000 rw-p 00000000 00:00 0 
7ffffdbdc000-7ffffdbe2000 r--p 00000000 00:3f 33882429                   /usr/lib/x86_64-linux-gnu/libnss_systemd.so.2
7ffffdbe2000-7ffffdc14000 r-xp 00006000 00:3f 33882429                   /usr/lib/x86_64-linux-gnu/libnss_systemd.so.2
7ffffdc14000-7ffffdc24000 r--p 00038000 00:3f 33882429                   /usr/lib/x86_64-linux-gnu/libnss_systemd.so.2
7ffffdc24000-7ffffdc28000 r--p 00047000 00:3f 33882429                   /usr/lib/x86_64-linux-gnu/libnss_systemd.so.2
7ffffdc28000-7ffffdc29000 rw-p 0004b000 00:3f 33882429                   /usr/lib/x86_64-linux-gnu/libnss_systemd.so.2
7ffffdc29000-7ffffdc2c000 r--p 00000000 00:3f 33882506                   /usr/lib/x86_64-linux-gnu/libresolv.so.2
7ffffdc2c000-7ffffdc36000 r-xp 00003000 00:3f 33882506                   /usr/lib/x86_64-linux-gnu/libresolv.so.2
7ffffdc36000-7ffffdc39000 r--p 0000d000 00:3f 33882506                   /usr/lib/x86_64-linux-gnu/libresolv.so.2
7ffffdc39000-7ffffdc3a000 r--p 0000f000 00:3f 33882506                   /usr/lib/x86_64-linux-gnu/libresolv.so.2
7ffffdc3a000-7ffffdc3b000 rw-p 00010000 00:3f 33882506                   /usr/lib/x86_64-linux-gnu/libresolv.so.2
7ffffdc3b000-7ffffdc3d000 rw-p 00000000 00:00 0 
7ffffdc3d000-7ffffdc3f000 r--p 00000000 00:3f 33882335                   /usr/lib/x86_64-linux-gnu/libkeyutils.so.1.9
7ffffdc3f000-7ffffdc41000 r-xp 00002000 00:3f 33882335                   /usr/lib/x86_64-linux-gnu/libkeyutils.so.1.9
7ffffdc41000-7ffffdc42000 r--p 00004000 00:3f 33882335                   /usr/lib/x86_64-linux-gnu/libkeyutils.so.1.9
7ffffdc42000-7ffffdc43000 r--p 00004000 00:3f 33882335                   /usr/lib/x86_64-linux-gnu/libkeyutils.so.1.9
7ffffdc43000-7ffffdc44000 rw-p 00005000 00:3f 33882335                   /usr/lib/x86_64-linux-gnu/libkeyutils.so.1.9
7ffffdc44000-7ffffdc47000 r--p 00000000 00:3f 33882343                   /usr/lib/x86_64-linux-gnu/libkrb5support.so.0.1
7ffffdc47000-7ffffdc4d000 r-xp 00003000 00:3f 33882343                   /usr/lib/x86_64-linux-gnu/libkrb5support.so.0.1
7ffffdc4d000-7ffffdc4f000 r--p 00009000 00:3f 33882343                   /usr/lib/x86_64-linux-gnu/libkrb5support.so.0.1
7ffffdc4f000-7ffffdc50000 ---p 0000b000 00:3f 33882343                   /usr/lib/x86_64-linux-gnu/libkrb5support.so.0.1
7ffffdc50000-7ffffdc51000 r--p 0000b000 00:3f 33882343                   /usr/lib/x86_64-linux-gnu/libkrb5support.so.0.1
7ffffdc51000-7ffffdc52000 rw-p 0000c000 00:3f 33882343                   /usr/lib/x86_64-linux-gnu/libkrb5support.so.0.1
7ffffdc52000-7ffffdc54000 r--p 00000000 00:3f 33881321                   /usr/lib/x86_64-linux-gnu/libcom_err.so.2.1
7ffffdc54000-7ffffdc55000 r-xp 00002000 00:3f 33881321                   /usr/lib/x86_64-linux-gnu/libcom_err.so.2.1
7ffffdc55000-7ffffdc56000 r--p 00003000 00:3f 33881321                   /usr/lib/x86_64-linux-gnu/libcom_err.so.2.1
7ffffdc56000-7ffffdc57000 r--p 00003000 00:3f 33881321                   /usr/lib/x86_64-linux-gnu/libcom_err.so.2.1
7ffffdc57000-7ffffdc58000 rw-p 00004000 00:3f 33881321                   /usr/lib/x86_64-linux-gnu/libcom_err.so.2.1
7ffffdc58000-7ffffdc5c000 r--p 00000000 00:3f 33882333                   /usr/lib/x86_64-linux-gnu/libk5crypto.so.3.1
7ffffdc5c000-7ffffdc77000 r-xp 00004000 00:3f 33882333                   /usr/lib/x86_64-linux-gnu/libk5crypto.so.3.1
7ffffdc77000-7ffffdc83000 r--p 0001f000 00:3f 33882333                   /usr/lib/x86_64-linux-gnu/libk5crypto.so.3.1
7ffffdc83000-7ffffdc84000 ---p 0002b000 00:3f 33882333                   /usr/lib/x86_64-linux-gnu/libk5crypto.so.3.1
7ffffdc84000-7ffffdc85000 r--p 0002b000 00:3f 33882333                   /usr/lib/x86_64-linux-gnu/libk5crypto.so.3.1
7ffffdc85000-7ffffdc86000 rw-p 0002c000 00:3f 33882333                   /usr/lib/x86_64-linux-gnu/libk5crypto.so.3.1
7ffffdc86000-7ffffdc87000 rw-p 00000000 00:00 0 
7ffffdc87000-7ffffdca8000 r--p 00000000 00:3f 33882341                   /usr/lib/x86_64-linux-gnu/libkrb5.so.3.3
7ffffdca8000-7ffffdd05000 r-xp 00021000 00:3f 33882341                   /usr/lib/x86_64-linux-gnu/libkrb5.so.3.3
7ffffdd05000-7ffffdd42000 r--p 0007e000 00:3f 33882341                   /usr/lib/x86_64-linux-gnu/libkrb5.so.3.3
7ffffdd42000-7ffffdd43000 ---p 000bb000 00:3f 33882341                   /usr/lib/x86_64-linux-gnu/libkrb5.so.3.3
7ffffdd43000-7ffffdd50000 r--p 000bb000 00:3f 33882341                   /usr/lib/x86_64-linux-gnu/libkrb5.so.3.3
7ffffdd50000-7ffffdd52000 rw-p 000c8000 00:3f 33882341                   /usr/lib/x86_64-linux-gnu/libkrb5.so.3.3
7ffffdd52000-7ffffdd5d000 r--p 00000000 00:3f 33882274                   /usr/lib/x86_64-linux-gnu/libgssapi_krb5.so.2.2
7ffffdd5d000-7ffffdd95000 r-xp 0000b000 00:3f 33882274                   /usr/lib/x86_64-linux-gnu/libgssapi_krb5.so.2.2
7ffffdd95000-7ffffdda1000 r--p 00043000 00:3f 33882274                   /usr/lib/x86_64-linux-gnu/libgssapi_krb5.so.2.2
7ffffdda1000-7ffffdda2000 ---p 0004f000 00:3f 33882274                   /usr/lib/x86_64-linux-gnu/libgssapi_krb5.so.2.2
7ffffdda2000-7ffffdda4000 r--p 0004f000 00:3f 33882274                   /usr/lib/x86_64-linux-gnu/libgssapi_krb5.so.2.2
7ffffdda4000-7ffffdda6000 rw-p 00051000 00:3f 33882274                   /usr/lib/x86_64-linux-gnu/libgssapi_krb5.so.2.2
7ffffdda6000-7ffffddad000 r--p 00000000 00:3f 33882565                   /usr/lib/x86_64-linux-gnu/libtirpc.so.3.0.0
7ffffddad000-7ffffddc8000 r-xp 00007000 00:3f 33882565                   /usr/lib/x86_64-linux-gnu/libtirpc.so.3.0.0
7ffffddc8000-7ffffddd1000 r--p 00022000 00:3f 33882565                   /usr/lib/x86_64-linux-gnu/libtirpc.so.3.0.0
7ffffddd1000-7ffffddd2000 ---p 0002b000 00:3f 33882565                   /usr/lib/x86_64-linux-gnu/libtirpc.so.3.0.0
7ffffddd2000-7ffffddd3000 r--p 0002b000 00:3f 33882565                   /usr/lib/x86_64-linux-gnu/libtirpc.so.3.0.0
7ffffddd3000-7ffffddd4000 rw-p 0002c000 00:3f 33882565                   /usr/lib/x86_64-linux-gnu/libtirpc.so.3.0.0
7ffffddd4000-7ffffddd8000 r--p 00000000 00:3f 33882418                   /usr/lib/x86_64-linux-gnu/libnsl.so.2.0.1
7ffffddd8000-7ffffdde6000 r-xp 00004000 00:3f 33882418                   /usr/lib/x86_64-linux-gnu/libnsl.so.2.0.1
7ffffdde6000-7ffffddea000 r--p 00012000 00:3f 33882418                   /usr/lib/x86_64-linux-gnu/libnsl.so.2.0.1
7ffffddea000-7ffffddeb000 r--p 00015000 00:3f 33882418                   /usr/lib/x86_64-linux-gnu/libnsl.so.2.0.1
7ffffddeb000-7ffffddec000 rw-p 00016000 00:3f 33882418                   /usr/lib/x86_64-linux-gnu/libnsl.so.2.0.1
7ffffddec000-7ffffddee000 rw-p 00000000 00:00 0 
7ffffddee000-7ffffddf0000 r--p 00000000 00:3f 33882426                   /usr/lib/x86_64-linux-gnu/libnss_nis.so.2.0.0
7ffffddf0000-7ffffddf9000 r-xp 00002000 00:3f 33882426                   /usr/lib/x86_64-linux-gnu/libnss_nis.so.2.0.0
7ffffddf9000-7ffffddfb000 r--p 0000b000 00:3f 33882426                   /usr/lib/x86_64-linux-gnu/libnss_nis.so.2.0.0
7ffffddfb000-7ffffddfc000 r--p 0000c000 00:3f 33882426                   /usr/lib/x86_64-linux-gnu/libnss_nis.so.2.0.0
7ffffddfc000-7ffffddfd000 rw-p 0000d000 00:3f 33882426                   /usr/lib/x86_64-linux-gnu/libnss_nis.so.2.0.0
7ffffddfd000-7ffffddff000 r--p 00000000 00:3f 33882421                   /usr/lib/x86_64-linux-gnu/libnss_compat.so.2
7ffffddff000-7ffffde06000 r-xp 00002000 00:3f 33882421                   /usr/lib/x86_64-linux-gnu/libnss_compat.so.2
7ffffde06000-7ffffde07000 r--p 00009000 00:3f 33882421                   /usr/lib/x86_64-linux-gnu/libnss_compat.so.2
7ffffde07000-7ffffde08000 r--p 00009000 00:3f 33882421                   /usr/lib/x86_64-linux-gnu/libnss_compat.so.2
7ffffde08000-7ffffde09000 rw-p 0000a000 00:3f 33882421                   /usr/lib/x86_64-linux-gnu/libnss_compat.so.2
7ffffde09000-7ffffde0a000 r--p 00000000 00:3f 33876910                   /usr/lib/jvm/java-11-openjdk-amd64/lib/libextnet.so
7ffffde0a000-7ffffde0b000 r-xp 00001000 00:3f 33876910                   /usr/lib/jvm/java-11-openjdk-amd64/lib/libextnet.so
7ffffde0b000-7ffffde0c000 r--p 00002000 00:3f 33876910                   /usr/lib/jvm/java-11-openjdk-amd64/lib/libextnet.so
7ffffde0c000-7ffffde0d000 r--p 00002000 00:3f 33876910                   /usr/lib/jvm/java-11-openjdk-amd64/lib/libextnet.so
7ffffde0d000-7ffffde0e000 rw-p 00003000 00:3f 33876910                   /usr/lib/jvm/java-11-openjdk-amd64/lib/libextnet.so
7ffffde0e000-7ffffde10000 r--p 00000000 00:3f 33876920                   /usr/lib/jvm/java-11-openjdk-amd64/lib/libjimage.so
7ffffde10000-7ffffde13000 r-xp 00002000 00:3f 33876920                   /usr/lib/jvm/java-11-openjdk-amd64/lib/libjimage.so
7ffffde13000-7ffffde14000 r--p 00005000 00:3f 33876920                   /usr/lib/jvm/java-11-openjdk-amd64/lib/libjimage.so
7ffffde14000-7ffffde15000 ---p 00006000 00:3f 33876920                   /usr/lib/jvm/java-11-openjdk-amd64/lib/libjimage.so
7ffffde15000-7ffffde16000 r--p 00006000 00:3f 33876920                   /usr/lib/jvm/java-11-openjdk-amd64/lib/libjimage.so
7ffffde16000-7ffffde17000 rw-p 00007000 00:3f 33876920                   /usr/lib/jvm/java-11-openjdk-amd64/lib/libjimage.so
7ffffde17000-7ffffde25000 r--p 00000000 00:3f 33876917                   /usr/lib/jvm/java-11-openjdk-amd64/lib/libjava.so
7ffffde25000-7ffffde3b000 r-xp 0000e000 00:3f 33876917                   /usr/lib/jvm/java-11-openjdk-amd64/lib/libjava.so
7ffffde3b000-7ffffde42000 r--p 00024000 00:3f 33876917                   /usr/lib/jvm/java-11-openjdk-amd64/lib/libjava.so
7ffffde42000-7ffffde43000 r--p 0002a000 00:3f 33876917                   /usr/lib/jvm/java-11-openjdk-amd64/lib/libjava.so
7ffffde43000-7ffffde44000 rw-p 0002b000 00:3f 33876917                   /usr/lib/jvm/java-11-openjdk-amd64/lib/libjava.so
7ffffde44000-7ffffde45000 rw-p 00000000 00:00 0 
7ffffde45000-7ffffde4a000 r--p 00000000 00:3f 33876936                   /usr/lib/jvm/java-11-openjdk-amd64/lib/libverify.so
7ffffde4a000-7ffffde51000 r-xp 00005000 00:3f 33876936                   /usr/lib/jvm/java-11-openjdk-amd64/lib/libverify.so
7ffffde51000-7ffffde53000 r--p 0000c000 00:3f 33876936                   /usr/lib/jvm/java-11-openjdk-amd64/lib/libverify.so
7ffffde53000-7ffffde55000 r--p 0000d000 00:3f 33876936                   /usr/lib/jvm/java-11-openjdk-amd64/lib/libverify.so
7ffffde55000-7ffffde56000 rw-p 0000f000 00:3f 33876936                   /usr/lib/jvm/java-11-openjdk-amd64/lib/libverify.so
7ffffde56000-7ffffde57000 r--p 00000000 00:3f 33882509                   /usr/lib/x86_64-linux-gnu/librt.so.1
7ffffde57000-7ffffde58000 r-xp 00001000 00:3f 33882509                   /usr/lib/x86_64-linux-gnu/librt.so.1
7ffffde58000-7ffffde59000 r--p 00002000 00:3f 33882509                   /usr/lib/x86_64-linux-gnu/librt.so.1
7ffffde59000-7ffffde5a000 r--p 00002000 00:3f 33882509                   /usr/lib/x86_64-linux-gnu/librt.so.1
7ffffde5a000-7ffffde5b000 rw-p 00003000 00:3f 33882509                   /usr/lib/x86_64-linux-gnu/librt.so.1
7ffffde5b000-7ffffde5f000 ---p 00000000 00:00 0 
7ffffde5f000-7ffffdf5b000 rw-p 00000000 00:00 0 
7ffffdf5b000-7ffffdf5e000 r--p 00000000 00:3f 33882173                   /usr/lib/x86_64-linux-gnu/libgcc_s.so.1
7ffffdf5e000-7ffffdf75000 r-xp 00003000 00:3f 33882173                   /usr/lib/x86_64-linux-gnu/libgcc_s.so.1
7ffffdf75000-7ffffdf79000 r--p 0001a000 00:3f 33882173                   /usr/lib/x86_64-linux-gnu/libgcc_s.so.1
7ffffdf79000-7ffffdf7a000 r--p 0001d000 00:3f 33882173                   /usr/lib/x86_64-linux-gnu/libgcc_s.so.1
7ffffdf7a000-7ffffdf7b000 rw-p 0001e000 00:3f 33882173                   /usr/lib/x86_64-linux-gnu/libgcc_s.so.1
7ffffdf7b000-7ffffdf89000 r--p 00000000 00:3f 33882367                   /usr/lib/x86_64-linux-gnu/libm.so.6
7ffffdf89000-7ffffe005000 r-xp 0000e000 00:3f 33882367                   /usr/lib/x86_64-linux-gnu/libm.so.6
7ffffe005000-7ffffe060000 r--p 0008a000 00:3f 33882367                   /usr/lib/x86_64-linux-gnu/libm.so.6
7ffffe060000-7ffffe061000 r--p 000e4000 00:3f 33882367                   /usr/lib/x86_64-linux-gnu/libm.so.6
7ffffe061000-7ffffe062000 rw-p 000e5000 00:3f 33882367                   /usr/lib/x86_64-linux-gnu/libm.so.6
7ffffe062000-7ffffe0fc000 r--p 00000000 00:3f 33882543                   /usr/lib/x86_64-linux-gnu/libstdc++.so.6.0.30
7ffffe0fc000-7ffffe20d000 r-xp 0009a000 00:3f 33882543                   /usr/lib/x86_64-linux-gnu/libstdc++.so.6.0.30
7ffffe20d000-7ffffe27c000 r--p 001ab000 00:3f 33882543                   /usr/lib/x86_64-linux-gnu/libstdc++.so.6.0.30
7ffffe27c000-7ffffe27d000 ---p 0021a000 00:3f 33882543                   /usr/lib/x86_64-linux-gnu/libstdc++.so.6.0.30
7ffffe27d000-7ffffe288000 r--p 0021a000 00:3f 33882543                   /usr/lib/x86_64-linux-gnu/libstdc++.so.6.0.30
7ffffe288000-7ffffe28b000 rw-p 00225000 00:3f 33882543                   /usr/lib/x86_64-linux-gnu/libstdc++.so.6.0.30
7ffffe28b000-7ffffe28e000 rw-p 00000000 00:00 0 
7ffffe28e000-7ffffe511000 r--p 00000000 00:3f 33877012                   /usr/lib/jvm/java-11-openjdk-amd64/lib/server/libjvm.so
7ffffe511000-7fffff1af000 r-xp 00283000 00:3f 33877012                   /usr/lib/jvm/java-11-openjdk-amd64/lib/server/libjvm.so
7fffff1af000-7fffff40b000 r--p 00f21000 00:3f 33877012                   /usr/lib/jvm/java-11-openjdk-amd64/lib/server/libjvm.so
7fffff40b000-7fffff4cf000 r--p 0117c000 00:3f 33877012                   /usr/lib/jvm/java-11-openjdk-amd64/lib/server/libjvm.so
7fffff4cf000-7fffff50a000 rw-p 01240000 00:3f 33877012                   /usr/lib/jvm/java-11-openjdk-amd64/lib/server/libjvm.so
7fffff50a000-7fffff564000 rw-p 00000000 00:00 0 
7fffff564000-7fffff58c000 r--p 00000000 00:3f 33881304                   /usr/lib/x86_64-linux-gnu/libc.so.6
7fffff58c000-7fffff721000 r-xp 00028000 00:3f 33881304                   /usr/lib/x86_64-linux-gnu/libc.so.6
7fffff721000-7fffff779000 r--p 001bd000 00:3f 33881304                   /usr/lib/x86_64-linux-gnu/libc.so.6
7fffff779000-7fffff77a000 ---p 00215000 00:3f 33881304                   /usr/lib/x86_64-linux-gnu/libc.so.6
7fffff77a000-7fffff77e000 r--p 00215000 00:3f 33881304                   /usr/lib/x86_64-linux-gnu/libc.so.6
7fffff77e000-7fffff780000 rw-p 00219000 00:3f 33881304                   /usr/lib/x86_64-linux-gnu/libc.so.6
7fffff780000-7fffff78d000 rw-p 00000000 00:00 0 
7fffff78d000-7fffff790000 r--p 00000000 00:3f 33876901                   /usr/lib/jvm/java-11-openjdk-amd64/lib/jli/libjli.so
7fffff790000-7fffff79a000 r-xp 00003000 00:3f 33876901                   /usr/lib/jvm/java-11-openjdk-amd64/lib/jli/libjli.so
7fffff79a000-7fffff79d000 r--p 0000d000 00:3f 33876901                   /usr/lib/jvm/java-11-openjdk-amd64/lib/jli/libjli.so
7fffff79d000-7fffff79e000 ---p 00010000 00:3f 33876901                   /usr/lib/jvm/java-11-openjdk-amd64/lib/jli/libjli.so
7fffff79e000-7fffff79f000 r--p 00010000 00:3f 33876901                   /usr/lib/jvm/java-11-openjdk-amd64/lib/jli/libjli.so
7fffff79f000-7fffff7a0000 rw-p 00011000 00:3f 33876901                   /usr/lib/jvm/java-11-openjdk-amd64/lib/jli/libjli.so
7fffff7a0000-7fffff7a2000 r--p 00000000 00:3f 33882626                   /usr/lib/x86_64-linux-gnu/libz.so.1.2.11
7fffff7a2000-7fffff7b3000 r-xp 00002000 00:3f 33882626                   /usr/lib/x86_64-linux-gnu/libz.so.1.2.11
7fffff7b3000-7fffff7b9000 r--p 00013000 00:3f 33882626                   /usr/lib/x86_64-linux-gnu/libz.so.1.2.11
7fffff7b9000-7fffff7ba000 ---p 00019000 00:3f 33882626                   /usr/lib/x86_64-linux-gnu/libz.so.1.2.11
7fffff7ba000-7fffff7bb000 r--p 00019000 00:3f 33882626                   /usr/lib/x86_64-linux-gnu/libz.so.1.2.11
7fffff7bb000-7fffff7bc000 rw-p 0001a000 00:3f 33882626                   /usr/lib/x86_64-linux-gnu/libz.so.1.2.11
7fffff7bc000-7fffff7be000 rw-p 00000000 00:00 0 
7fffff7c1000-7fffff7c2000 ---p 00000000 00:00 0 
7fffff7c2000-7fffff7c3000 r--p 00000000 00:00 0 
7fffff7c3000-7fffff7c4000 ---p 00000000 00:00 0 
7fffff7c4000-7ffffffc4000 rw-p 00000000 00:00 0 
7ffffffc4000-7ffffffc6000 r--p 00000000 00:3f 33880971                   /usr/lib/x86_64-linux-gnu/ld-linux-x86-64.so.2
7ffffffc6000-7fffffff0000 r-xp 00002000 00:3f 33880971                   /usr/lib/x86_64-linux-gnu/ld-linux-x86-64.so.2
7fffffff0000-7fffffffb000 r--p 0002c000 00:3f 33880971                   /usr/lib/x86_64-linux-gnu/ld-linux-x86-64.so.2
7fffffffb000-7fffffffc000 ---p 00000000 00:00 0 
7fffffffc000-7fffffffe000 r--p 00037000 00:3f 33880971                   /usr/lib/x86_64-linux-gnu/ld-linux-x86-64.so.2
7fffffffe000-800000000000 rw-p 00039000 00:3f 33880971                   /usr/lib/x86_64-linux-gnu/ld-linux-x86-64.so.2
800000000000-800000023000 r--p 00000000 00:3a 2                          /run/rosetta/rosetta
800000023000-800000081000 r-xp 00023000 00:3a 2                          /run/rosetta/rosetta
800000090000-800000196000 rw-p 00090000 00:3a 2                          /run/rosetta/rosetta
effff62d5000-effff631a000 rw-p 00000000 00:00 0 
effff631a000-effff631b000 ---p 00000000 00:00 0 
effff631b000-effff631f000 rw-p 00000000 00:00 0 
effff631f000-effff6320000 ---p 00000000 00:00 0 
effff6320000-effff6328000 rw-p 00000000 00:00 0 
effff6328000-effff6329000 ---p 00000000 00:00 0 
effff6329000-effff632d000 rw-p 00000000 00:00 0 
effff632d000-effff632e000 ---p 00000000 00:00 0 
effff632e000-effff63cb000 rw-p 00000000 00:00 0 
effff63cb000-effff63cc000 ---p 00000000 00:00 0 
effff63cc000-effff63d0000 rw-p 00000000 00:00 0 
effff63d0000-effff63d1000 ---p 00000000 00:00 0 
effff63d1000-effff63d9000 rw-p 00000000 00:00 0 
effff63d9000-effff63da000 ---p 00000000 00:00 0 
effff63da000-effff63de000 rw-p 00000000 00:00 0 
effff63de000-effff63df000 ---p 00000000 00:00 0 
effff63df000-effff63e7000 rw-p 00000000 00:00 0 
effff63e7000-effff63e8000 ---p 00000000 00:00 0 
effff63e8000-effff63ec000 rw-p 00000000 00:00 0 
effff63ec000-effff63ed000 ---p 00000000 00:00 0 
effff63ed000-effff63f5000 rw-p 00000000 00:00 0 
effff63f5000-effff63f6000 ---p 00000000 00:00 0 
effff63f6000-effff63fa000 rw-p 00000000 00:00 0 
effff63fa000-effff63fb000 ---p 00000000 00:00 0 
effff63fb000-effff6403000 rw-p 00000000 00:00 0 
effff6403000-effff6404000 ---p 00000000 00:00 0 
effff6404000-effff6408000 rw-p 00000000 00:00 0 
effff6408000-effff6409000 ---p 00000000 00:00 0 
effff6409000-effff6412000 rw-p 00000000 00:00 0 
effff6412000-effff6413000 ---p 00000000 00:00 0 
effff6413000-effff6417000 rw-p 00000000 00:00 0 
effff6417000-effff6418000 ---p 00000000 00:00 0 
effff6418000-effff6420000 rw-p 00000000 00:00 0 
effff6420000-effff6421000 ---p 00000000 00:00 0 
effff6421000-effff6425000 rw-p 00000000 00:00 0 
effff6425000-effff6426000 ---p 00000000 00:00 0 
effff6426000-effff642e000 rw-p 00000000 00:00 0 
effff642e000-effff642f000 ---p 00000000 00:00 0 
effff642f000-effff6433000 rw-p 00000000 00:00 0 
effff6433000-effff6434000 ---p 00000000 00:00 0 
effff6434000-effff643c000 rw-p 00000000 00:00 0 
effff643c000-effff643d000 ---p 00000000 00:00 0 
effff643d000-effff6441000 rw-p 00000000 00:00 0 
effff6441000-effff6442000 ---p 00000000 00:00 0 
effff6442000-effff644b000 rw-p 00000000 00:00 0 
effff644b000-effff644c000 ---p 00000000 00:00 0 
effff644c000-effff6450000 rw-p 00000000 00:00 0 
effff6450000-effff6451000 ---p 00000000 00:00 0 
effff6451000-effff670b000 rw-p 00000000 00:00 0 
effff670b000-effff670c000 ---p 00000000 00:00 0 
effff670c000-effff6710000 rw-p 00000000 00:00 0 
effff6710000-effff6711000 ---p 00000000 00:00 0 
effff6711000-effff6719000 rw-p 00000000 00:00 0 
effff6719000-effff6727000 rw-p 00000000 00:00 0 
effff6727000-effff6728000 ---p 00000000 00:00 0 
effff6728000-effff672c000 rw-p 00000000 00:00 0 
effff672c000-effff672d000 ---p 00000000 00:00 0 
effff672d000-effff673b000 rw-p 00000000 00:00 0 
effff673b000-effff673c000 ---p 00000000 00:00 0 
effff673c000-effff6740000 rw-p 00000000 00:00 0 
effff6740000-effff6741000 ---p 00000000 00:00 0 
effff6741000-effff6777000 rw-p 00000000 00:00 0 
effff6777000-effff679b000 rw-p 00000000 00:00 0 
effff679b000-effff680d000 rw-p 00000000 00:00 0 
effff680d000-effff681b000 rw-p 00000000 00:00 0 
effff681b000-effff6832000 rw-p 00000000 00:00 0 
effff6832000-effff687d000 rw-p 00000000 00:00 0 
effff687d000-effff688b000 rw-p 00000000 00:00 0 
effff688b000-effff688c000 ---p 00000000 00:00 0 
effff688c000-effff6890000 rw-p 00000000 00:00 0 
effff6890000-effff6891000 ---p 00000000 00:00 0 
effff6891000-effff689e000 rw-p 00000000 00:00 0 
effff689e000-effff689f000 ---p 00000000 00:00 0 
effff689f000-effff68a3000 rw-p 00000000 00:00 0 
effff68a3000-effff68a4000 ---p 00000000 00:00 0 
effff68a4000-effff68b6000 rw-p 00000000 00:00 0 
effff68b6000-effff6923000 rw-p 00000000 00:00 0 
effff6923000-effff6924000 ---p 00000000 00:00 0 
effff6924000-effff6928000 rw-p 00000000 00:00 0 
effff6928000-effff6929000 ---p 00000000 00:00 0 
effff6929000-effff6972000 rw-p 00000000 00:00 0 
effff6972000-effff6973000 ---p 00000000 00:00 0 
effff6973000-effff6977000 rw-p 00000000 00:00 0 
effff6977000-effff6978000 ---p 00000000 00:00 0 
effff6978000-effff69df000 rw-p 00000000 00:00 0 
effff69df000-effff69e0000 ---p 00000000 00:00 0 
effff69e0000-effff69e4000 rw-p 00000000 00:00 0 
effff69e4000-effff69e5000 ---p 00000000 00:00 0 
effff69e5000-effff69ed000 rw-p 00000000 00:00 0 
effff69ed000-effff69ee000 ---p 00000000 00:00 0 
effff69ee000-effff69f2000 rw-p 00000000 00:00 0 
effff69f2000-effff69f3000 ---p 00000000 00:00 0 
effff69f3000-effff69fc000 rw-p 00000000 00:00 0 
effff69fc000-effff69fd000 ---p 00000000 00:00 0 
effff69fd000-effff6a01000 rw-p 00000000 00:00 0 
effff6a01000-effff6a02000 ---p 00000000 00:00 0 
effff6a02000-effff6a0a000 rw-p 00000000 00:00 0 
effff6a0a000-effff6a0b000 ---p 00000000 00:00 0 
effff6a0b000-effff6a0f000 rw-p 00000000 00:00 0 
effff6a0f000-effff6a10000 ---p 00000000 00:00 0 
effff6a10000-effff6a18000 rw-p 00000000 00:00 0 
effff6a18000-effff6a19000 ---p 00000000 00:00 0 
effff6a19000-effff6a1d000 rw-p 00000000 00:00 0 
effff6a1d000-effff6a1e000 ---p 00000000 00:00 0 
effff6a1e000-effff6a26000 rw-p 00000000 00:00 0 
effff6a26000-effff6a27000 ---p 00000000 00:00 0 
effff6a27000-effff6a2b000 rw-p 00000000 00:00 0 
effff6a2b000-effff6a2c000 ---p 00000000 00:00 0 
effff6a2c000-effff6a34000 rw-p 00000000 00:00 0 
effff6a34000-effff6a35000 ---p 00000000 00:00 0 
effff6a35000-effff6a39000 rw-p 00000000 00:00 0 
effff6a39000-effff6a3a000 ---p 00000000 00:00 0 
effff6a3a000-effff6a4c000 rw-p 00000000 00:00 0 
effff6a4c000-effff6a4d000 ---p 00000000 00:00 0 
effff6a4d000-effff6a51000 rw-p 00000000 00:00 0 
effff6a51000-effff6a52000 ---p 00000000 00:00 0 
effff6a52000-effff6a74000 rw-p 00000000 00:00 0 
effff6a74000-effff6a75000 ---p 00000000 00:00 0 
effff6a75000-effff6a79000 rw-p 00000000 00:00 0 
effff6a79000-effff6a7a000 ---p 00000000 00:00 0 
effff6a7a000-effff6a8b000 rw-p 00000000 00:00 0 
effff6a8b000-effff6ad0000 rw-p 00000000 00:00 0 
effff6ad0000-effff6af2000 rw-p 00000000 00:00 0 
effff6af2000-effff6b03000 rw-p 00000000 00:00 0 
effff6b03000-effff6b11000 rw-p 00000000 00:00 0 
effff6b11000-effff6b12000 ---p 00000000 00:00 0 
effff6b12000-effff6b16000 rw-p 00000000 00:00 0 
effff6b16000-effff6b17000 ---p 00000000 00:00 0 
effff6b17000-effff6b23000 rw-p 00000000 00:00 0 
effff6b23000-effff6b54000 rw-p 00000000 00:00 0 
effff6b54000-effff6b6b000 rw-p 00000000 00:00 0 
effff6b6b000-effff6bcb000 rw-p 00000000 00:00 0 
effff6bcb000-effff6bd9000 rw-p 00000000 00:00 0 
effff6bd9000-effff6be7000 rw-p 00000000 00:00 0 
effff6be7000-effff6be8000 ---p 00000000 00:00 0 
effff6be8000-effff6bec000 rw-p 00000000 00:00 0 
effff6bec000-effff6bed000 ---p 00000000 00:00 0 
effff6bed000-effff6c02000 rw-p 00000000 00:00 0 
effff6c02000-effff6c11000 rw-p 00000000 00:00 0 
effff6c11000-effff6c33000 rw-p 00000000 00:00 0 
effff6c33000-effff6c34000 ---p 00000000 00:00 0 
effff6c34000-effff6c38000 rw-p 00000000 00:00 0 
effff6c38000-effff6c39000 ---p 00000000 00:00 0 
effff6c39000-effff6c67000 rw-p 00000000 00:00 0 
effff6c67000-effff6c68000 ---p 00000000 00:00 0 
effff6c68000-effff6c6c000 rw-p 00000000 00:00 0 
effff6c6c000-effff6c6d000 ---p 00000000 00:00 0 
effff6c6d000-effff6c75000 rw-p 00000000 00:00 0 
effff6c75000-effff6c76000 ---p 00000000 00:00 0 
effff6c76000-effff6c7a000 rw-p 00000000 00:00 0 
effff6c7a000-effff6c7b000 ---p 00000000 00:00 0 
effff6c7b000-effff6c84000 rw-p 00000000 00:00 0 
effff6c84000-effff6c85000 ---p 00000000 00:00 0 
effff6c85000-effff6c89000 rw-p 00000000 00:00 0 
effff6c89000-effff6c8a000 ---p 00000000 00:00 0 
effff6c8a000-effff6c92000 rw-p 00000000 00:00 0 
effff6c92000-effff6c93000 ---p 00000000 00:00 0 
effff6c93000-effff6c97000 rw-p 00000000 00:00 0 
effff6c97000-effff6c98000 ---p 00000000 00:00 0 
effff6c98000-effff6ca1000 rw-p 00000000 00:00 0 
effff6ca1000-effff6ca2000 ---p 00000000 00:00 0 
effff6ca2000-effff6ca6000 rw-p 00000000 00:00 0 
effff6ca6000-effff6ca7000 ---p 00000000 00:00 0 
effff6ca7000-effff6caf000 rw-p 00000000 00:00 0 
effff6caf000-effff6cb0000 ---p 00000000 00:00 0 
effff6cb0000-effff6cb4000 rw-p 00000000 00:00 0 
effff6cb4000-effff6cb5000 ---p 00000000 00:00 0 
effff6cb5000-effff6dfd000 rw-p 00000000 00:00 0 
effff6dfd000-effff6e2b000 rw-p 00000000 00:00 0 
effff6e2b000-effff6e6e000 rw-p 00000000 00:00 0 
effff6e6e000-effff6e89000 rw-p 00000000 00:00 0 
effff6e89000-effff6e8a000 ---p 00000000 00:00 0 
effff6e8a000-effff6e8e000 rw-p 00000000 00:00 0 
effff6e8e000-effff6e8f000 ---p 00000000 00:00 0 
effff6e8f000-effff6e97000 rw-p 00000000 00:00 0 
effff6e97000-effff6e98000 ---p 00000000 00:00 0 
effff6e98000-effff6ea1000 rw-p 00000000 00:00 0 
effff6ea1000-effff6ea2000 ---p 00000000 00:00 0 
effff6ea2000-effff6ea6000 rw-p 00000000 00:00 0 
effff6ea6000-effff6ea7000 ---p 00000000 00:00 0 
effff6ea7000-effff6eec000 rw-p 00000000 00:00 0 
effff6eec000-effff6eee000 rw-p 00000000 00:00 0 
effff6eee000-effff6eef000 ---p 00000000 00:00 0 
effff6eef000-effff6f02000 rw-p 00000000 00:00 0 
effff6f02000-effff6f86000 rw-p 00000000 00:00 0 
effff6f86000-effff6fd2000 rw-p 00000000 00:00 0 
effff6fd2000-effff7237000 rw-p 00000000 00:00 0 
effff7237000-effff7262000 rw-p 00000000 00:00 0 
effff7262000-effff72f4000 rw-p 00000000 00:00 0 
effff72f4000-effff72f5000 ---p 00000000 00:00 0 
effff72f5000-effff72f9000 rw-p 00000000 00:00 0 
effff72f9000-effff72fa000 ---p 00000000 00:00 0 
effff72fa000-effff7302000 rw-p 00000000 00:00 0 
effff7302000-effff7303000 ---p 00000000 00:00 0 
effff7303000-effff7307000 rw-p 00000000 00:00 0 
effff7307000-effff7308000 ---p 00000000 00:00 0 
effff7308000-effff78c6000 rw-p 00000000 00:00 0 
effff78c6000-effff79cd000 rw-p 00000000 00:00 0 
effff79cd000-effff79ce000 ---p 00000000 00:00 0 
effff79ce000-effff79d2000 rw-p 00000000 00:00 0 
effff79d2000-effff79d3000 ---p 00000000 00:00 0 
effff79d3000-effff7b27000 rw-p 00000000 00:00 0 
effff7b27000-effff7b28000 ---p 00000000 00:00 0 
effff7b28000-effff7b2c000 rw-p 00000000 00:00 0 
effff7b2c000-effff7b2d000 ---p 00000000 00:00 0 
effff7b2d000-effff7b35000 rw-p 00000000 00:00 0 
effff7b35000-effff7b36000 ---p 00000000 00:00 0 
effff7b36000-effff7b3a000 rw-p 00000000 00:00 0 
effff7b3a000-effff7b3b000 ---p 00000000 00:00 0 
effff7b3b000-effff7b44000 rw-p 00000000 00:00 0 
effff7b44000-effff7b45000 ---p 00000000 00:00 0 
effff7b45000-effff7b49000 rw-p 00000000 00:00 0 
effff7b49000-effff7b4a000 ---p 00000000 00:00 0 
effff7b4a000-effff7b53000 rw-p 00000000 00:00 0 
effff7b53000-effff7b54000 ---p 00000000 00:00 0 
effff7b54000-effff7b58000 rw-p 00000000 00:00 0 
effff7b58000-effff7b59000 ---p 00000000 00:00 0 
effff7b59000-effff7b63000 rw-p 00000000 00:00 0 
effff7b63000-effff7b64000 ---p 00000000 00:00 0 
effff7b64000-effff7b68000 rw-p 00000000 00:00 0 
effff7b68000-effff7b69000 ---p 00000000 00:00 0 
effff7b69000-effff7b7d000 rw-p 00000000 00:00 0 
effff7b7d000-effff7b7e000 ---p 00000000 00:00 0 
effff7b7e000-effff7b82000 rw-p 00000000 00:00 0 
effff7b82000-effff7b83000 ---p 00000000 00:00 0 
effff7b83000-effff7b8c000 rw-p 00000000 00:00 0 
effff7b8c000-effff7b8d000 ---p 00000000 00:00 0 
effff7b8d000-effff7b91000 rw-p 00000000 00:00 0 
effff7b91000-effff7b92000 ---p 00000000 00:00 0 
effff7b92000-effff7bc2000 rw-p 00000000 00:00 0 
effff7bc2000-effff7bc3000 ---p 00000000 00:00 0 
effff7bc3000-effff7bc7000 rw-p 00000000 00:00 0 
effff7bc7000-effff7bc8000 ---p 00000000 00:00 0 
effff7bc8000-effff7c1a000 rw-p 00000000 00:00 0 
effff7c1a000-effff7c33000 rw-p 00000000 00:00 0 
effff7c33000-effff7c34000 ---p 00000000 00:00 0 
effff7c34000-effff7c38000 rw-p 00000000 00:00 0 
effff7c38000-effff7c39000 ---p 00000000 00:00 0 
effff7c39000-effff7c86000 rw-p 00000000 00:00 0 
effff7c86000-effff7c87000 ---p 00000000 00:00 0 
effff7c87000-effff7c8b000 rw-p 00000000 00:00 0 
effff7c8b000-effff7c8c000 ---p 00000000 00:00 0 
effff7c8c000-effff7c94000 rw-p 00000000 00:00 0 
effff7c94000-effff7c95000 ---p 00000000 00:00 0 
effff7c95000-effff7c99000 rw-p 00000000 00:00 0 
effff7c99000-effff7c9a000 ---p 00000000 00:00 0 
effff7c9a000-effff7ca8000 rw-p 00000000 00:00 0 
effff7ca8000-effff7ca9000 ---p 00000000 00:00 0 
effff7ca9000-effff7cad000 rw-p 00000000 00:00 0 
effff7cad000-effff7cae000 ---p 00000000 00:00 0 
effff7cae000-effff7cb6000 rw-p 00000000 00:00 0 
effff7cb6000-effff7cb7000 ---p 00000000 00:00 0 
effff7cb7000-effff7cbf000 rw-p 00000000 00:00 0 
effff7cbf000-effff7cc0000 ---p 00000000 00:00 0 
effff7cc0000-effff7cc4000 rw-p 00000000 00:00 0 
effff7cc4000-effff7cc5000 ---p 00000000 00:00 0 
effff7cc5000-effff7d63000 rw-p 00000000 00:00 0 
effff7d63000-effff7d64000 ---p 00000000 00:00 0 
effff7d64000-effff7d68000 rw-p 00000000 00:00 0 
effff7d68000-effff7d69000 ---p 00000000 00:00 0 
effff7d69000-effff7d90000 rw-p 00000000 00:00 0 
effff7d90000-effff7d91000 ---p 00000000 00:00 0 
effff7d91000-effff7de7000 rw-p 00000000 00:00 0 
effff7de7000-effff7de8000 ---p 00000000 00:00 0 
effff7de8000-effff7dec000 rw-p 00000000 00:00 0 
effff7dec000-effff7ded000 ---p 00000000 00:00 0 
effff7ded000-effff7ff8000 rw-p 00000000 00:00 0 
effff7ff8000-efffffff8000 rwxp 00000000 00:00 0 
efffffff8000-f00008a74000 rw-p 00000000 00:00 0 
ffffbc885000-ffffbc887000 r--p 00000000 00:00 0                          [vvar]
ffffbc887000-ffffbc888000 r-xp 00000000 00:00 0                          [vdso]
ffffc7503000-ffffc7524000 rw-p 00000000 00:00 0                          [stack]


VM Arguments:
java_command: us.kbase.mobu.ModuleBuilder test
java_class_path (initial): /src/submodules/jars/lib/jars/apache_commons/commons-collections-3.2.1.jar:/src/submodules/jars/lib/jars/apache_commons/commons-io-2.4.jar:/src/submodules/jars/lib/jars/apache_commons/commons-lang-2.4.jar:/src/submodules/jars/lib/jars/apache_commons/commons-lang3-3.1.jar:/src/submodules/jars/lib/jars/apache_commons/commons-logging-1.1.1.jar:/src/submodules/jars/lib/jars/apache_commons/http/httpclient-4.3.1.jar:/src/submodules/jars/lib/jars/apache_commons/http/httpcore-4.3.jar:/src/submodules/jars/lib/jars/apache_commons/http/httpmime-4.3.1.jar:/src/submodules/jars/lib/jars/apache_commons/velocity-1.7.jar:/src/submodules/jars/lib/jars/codemodel/codemodel-2.4.1.jar:/src/submodules/jars/lib/jars/google/guava-18.0.jar:/src/submodules/jars/lib/jars/google/jsonschema2pojo-core-0.3.6.jar:/src/submodules/jars/lib/jars/ini4j/ini4j-0.5.2.jar:/src/submodules/jars/lib/jars/j2html/j2html-0.7.jar:/src/submodules/jars/lib/jars/jackson/jackson-annotations-2.2.3.jar:/src/submodules/jars/lib/jars/jackson/jackson-core-2.2.3.jar:/src/submodules/jars/lib/jars/jackson/jackson-databind-2.2.3.jar:/src/submodules/jars/lib/jars/jcommander/jcommander-1.48.jar:/src/submodules/jars/lib/jars/jetty/jetty-all-7.0.0.jar:/src/submodules/jars/lib/jars/jna/jna-3.4.0.jar:/src/submodules/jars/lib/jars/joda/joda-time-2.2.jar:/src/submodules/jars/lib/jars/junit/junit-4.9.jar:/src/submodules/jars/lib/jars/kbase/auth/kbase-auth-0.4.4.jar:/src/submodules/jars/lib/jars/kbase/common/kbase-common-0.0.23.jar:/src/submodules/jars/lib/jars/kbase/handle/HandleManagerClient-141020-ff26a5d.jar:/src/submodules/jars/lib/jars/kbase/handle/HandleServiceClient-141020-5eda76e.jar:/src/submodules/jars/lib/jars/kbase/shock/shock-client-0.0.15.jar:/src/submodules/jars/lib/jars/kbase/workspace/WorkspaceClient-0.6.0.jar:/src/submodules/jars/lib/jars/kohsuke/args4j-2.0.21.jar:/src/submodules/jars/lib/jars/logback/logback-classic-1.1.2.jar:/src/submodules/jars/lib/jars/logback/logback-core-1.1.2.jar:/
Launcher Type: SUN_STANDARD

[Global flags]
     intx CICompilerCount                          = 4                                         {product} {ergonomic}
     uint ConcGCThreads                            = 3                                         {product} {ergonomic}
     uint G1ConcRefinementThreads                  = 11                                        {product} {ergonomic}
   size_t G1HeapRegionSize                         = 1048576                                   {product} {ergonomic}
    uintx GCDrainStackTargetSize                   = 64                                        {product} {ergonomic}
   size_t InitialHeapSize                          = 130023424                                 {product} {ergonomic}
   size_t MarkStackSize                            = 4194304                                   {product} {ergonomic}
   size_t MaxHeapSize                              = 2055208960                                {product} {ergonomic}
   size_t MaxNewSize                               = 1233125376                                {product} {ergonomic}
   size_t MinHeapDeltaBytes                        = 1048576                                   {product} {ergonomic}
    uintx NonNMethodCodeHeapSize                   = 5836300                                {pd product} {ergonomic}
    uintx NonProfiledCodeHeapSize                  = 122910970                              {pd product} {ergonomic}
    uintx ProfiledCodeHeapSize                     = 122910970                              {pd product} {ergonomic}
    uintx ReservedCodeCacheSize                    = 251658240                              {pd product} {ergonomic}
     bool SegmentedCodeCache                       = true                                      {product} {ergonomic}
     bool UseCompressedClassPointers               = true                                 {lp64_product} {ergonomic}
     bool UseCompressedOops                        = true                                 {lp64_product} {ergonomic}
     bool UseG1GC                                  = true                                      {product} {ergonomic}

Logging:
Log output configuration:
 #0: stdout all=warning uptime,level,tags
 #1: stderr all=off uptime,level,tags

Environment Variables:
PATH=/usr/local/sbin:/usr/local/bin:/usr/sbin:/usr/bin:/sbin:/bin:/src/bin
TERM=xterm

Signal Handlers:
SIGSEGV: [libjvm.so+0xeaead0], sa_mask[0]=11111111111111111111111111111110, sa_flags=SA_RESTART|SA_SIGINFO
SIGBUS: [libjvm.so+0xeaead0], sa_mask[0]=11111111111111111111111111111110, sa_flags=SA_RESTART|SA_SIGINFO
SIGFPE: [libjvm.so+0xeaead0], sa_mask[0]=11111111111111111111111111111110, sa_flags=SA_RESTART|SA_SIGINFO
SIGPIPE: [libjvm.so+0xbf1430], sa_mask[0]=11111111111111111111111111111110, sa_flags=SA_RESTART|SA_SIGINFO
SIGXFSZ: [libjvm.so+0xbf1430], sa_mask[0]=11111111111111111111111111111110, sa_flags=SA_RESTART|SA_SIGINFO
SIGILL: [libjvm.so+0xeaead0], sa_mask[0]=11111111111111111111111111111110, sa_flags=SA_RESTART|SA_SIGINFO
SIGUSR2: [libjvm.so+0xbf12d0], sa_mask[0]=00000000000000000000000000000000, sa_flags=SA_RESTART|SA_SIGINFO
SIGHUP: [libjvm.so+0xbf1a90], sa_mask[0]=11111111111111111111111111111110, sa_flags=SA_RESTART|SA_SIGINFO
SIGINT: [libjvm.so+0xbf1a90], sa_mask[0]=11111111111111111111111111111110, sa_flags=SA_RESTART|SA_SIGINFO
SIGTERM: [libjvm.so+0xbf1a90], sa_mask[0]=11111111111111111111111111111110, sa_flags=SA_RESTART|SA_SIGINFO
SIGQUIT: [libjvm.so+0xbf1a90], sa_mask[0]=11111111111111111111111111111110, sa_flags=SA_RESTART|SA_SIGINFO


---------------  S Y S T E M  ---------------

OS:DISTRIB_ID=Ubuntu
DISTRIB_RELEASE=22.04
DISTRIB_CODENAME=jammy
DISTRIB_DESCRIPTION="Ubuntu 22.04.4 LTS"
uname:Linux 6.10.14-linuxkit #1 SMP Thu Mar 20 16:32:56 UTC 2025 x86_64
OS uptime: 0 days 0:03 hours
libc:glibc 2.35 NPTL 2.35 
rlimit (soft/hard): STACK 8192k/infinity , CORE 0k/infinity , NPROC infinity/infinity , NOFILE 1048576/1048576 , AS infinity/infinity , CPU infinity/infinity , DATA infinity/infinity , FSIZE infinity/infinity , MEMLOCK infinity/infinity
load average:1.35 0.71 0.28

/proc/meminfo:
MemTotal:        8024876 kB
MemFree:         2114980 kB
MemAvailable:    6661664 kB
Buffers:          157340 kB
Cached:          4350300 kB
SwapCached:            0 kB
Active:          1378900 kB
Inactive:        4017336 kB
Active(anon):     889456 kB
Inactive(anon):        0 kB
Active(file):     489444 kB
Inactive(file):  4017336 kB
Unevictable:           0 kB
Mlocked:               0 kB
SwapTotal:       1048572 kB
SwapFree:        1048572 kB
Zswap:                 0 kB
Zswapped:              0 kB
Dirty:                64 kB
Writeback:             0 kB
AnonPages:        842712 kB
Mapped:           248024 kB
Shmem:               704 kB
KReclaimable:     242872 kB
Slab:             310156 kB
SReclaimable:     242872 kB
SUnreclaim:        67284 kB
KernelStack:        8000 kB
PageTables:         6888 kB
SecPageTables:         0 kB
NFS_Unstable:          0 kB
Bounce:                0 kB
WritebackTmp:          0 kB
CommitLimit:     5061008 kB
Committed_AS:    6765008 kB
VmallocTotal:   135288315904 kB
VmallocUsed:        5528 kB
VmallocChunk:          0 kB
Percpu:             4536 kB
AnonHugePages:    389120 kB
ShmemHugePages:        0 kB
ShmemPmdMapped:        0 kB
FileHugePages:         0 kB
FilePmdMapped:         0 kB
HugePages_Total:       0
HugePages_Free:        0
HugePages_Rsvd:        0
HugePages_Surp:        0
Hugepagesize:       2048 kB
Hugetlb:               0 kB

/sys/kernel/mm/transparent_hugepage/enabled:
[always] madvise never
/sys/kernel/mm/transparent_hugepage/defrag (defrag/compaction efforts parameter):
always defer defer+madvise [madvise] never

Process Memory:
Virtual Size: 7808736K (peak: 13735172K)
Resident Set Size: 406472K (peak: 406472K) (anon: 376448K, file: 30024K, shmem: 0K)
Swapped out: 0K
C-Heap outstanding allocations: 87637K, retained: 37214K
glibc malloc tunables: (default)

/proc/sys/kernel/threads-max (system-wide limit on the number of threads):
62644
/proc/sys/vm/max_map_count (maximum number of memory map areas a process may have):
262144
/proc/sys/kernel/pid_max (system-wide limit on number of process identifiers):
99999

container (cgroup) information:
container_type: cgroupv2
cpu_cpuset_cpus: not supported
cpu_memory_nodes: not supported
active_processor_count: 14
cpu_quota: no quota
cpu_period: 100000
cpu_shares: no shares
memory_limit_in_bytes: unlimited
memory_and_swap_limit_in_bytes: unlimited
memory_soft_limit_in_bytes: unlimited
memory_usage_in_bytes: 628792 k
memory_max_usage_in_bytes: not supported
memory_swap_current_in_bytes: unlimited
memory_swap_max_limit_in_bytes: unlimited
maximum number of tasks: unlimited
current number of tasks: 100

Steal ticks since vm start: 0
Steal ticks percentage since vm start:  0.000

CPU:total 14 (initial active 14) (1 cores per cpu, 1 threads per core) family 6 model 44 stepping 0 microcode 0x0, cmov, cx8, fxsr, mmx, sse, sse2, sse3, ssse3, sse4.1, sse4.2, popcnt, aes, clmul, tsc, tscinvbit, tscinv

/proc/cpuinfo:
processor	: 0
BogoMIPS	: 48.00
Features	: fp asimd evtstrm aes pmull sha1 sha2 crc32 atomics fphp asimdhp cpuid asimdrdm jscvt fcma lrcpc dcpop sha3 asimddp sha512 asimdfhm dit uscat ilrcpc flagm ssbs sb paca pacg dcpodp flagm2 frint
CPU implementer	: 0x61
CPU architecture: 8
CPU variant	: 0x0
CPU part	: 0x000
CPU revision	: 0

processor	: 1
BogoMIPS	: 48.00
Features	: fp asimd evtstrm aes pmull sha1 sha2 crc32 atomics fphp asimdhp cpuid asimdrdm jscvt fcma lrcpc dcpop sha3 asimddp sha512 asimdfhm dit uscat ilrcpc flagm ssbs sb paca pacg dcpodp flagm2 frint
CPU implementer	: 0x61
CPU architecture: 8
CPU variant	: 0x0
CPU part	: 0x000
CPU revision	: 0

processor	: 2
BogoMIPS	: 48.00
Features	: fp asimd evtstrm aes pmull sha1 sha2 crc32 atomics fphp asimdhp cpuid asimdrdm jscvt fcma lrcpc dcpop sha3 asimddp sha512 asimdfhm dit uscat ilrcpc flagm ssbs sb paca pacg dcpodp flagm2 frint
CPU implementer	: 0x61
CPU architecture: 8
CPU variant	: 0x0
CPU part	: 0x000
CPU revision	: 0

processor	: 3
BogoMIPS	: 48.00
Features	: fp asimd evtstrm aes pmull sha1 sha2 crc32 atomics fphp asimdhp cpuid asimdrdm jscvt fcma lrcpc dcpop sha3 asimddp sha512 asimdfhm dit uscat ilrcpc flagm ssbs sb paca pacg dcpodp flagm2 frint
CPU implementer	: 0x61
CPU architecture: 8
CPU variant	: 0x0
CPU part	: 0x000
CPU revision	: 0

processor	: 4
BogoMIPS	: 48.00
Features	: fp asimd evtstrm aes pmull sha1 sha2 crc32 atomics fphp asimdhp cpuid asimdrdm jscvt fcma lrcpc dcpop sha3 asimddp sha512 asimdfhm dit uscat ilrcpc flagm ssbs sb paca pacg dcpodp flagm2 frint
CPU implementer	: 0x61
CPU architecture: 8
CPU variant	: 0x0
CPU part	: 0x000
CPU revision	: 0

processor	: 5
BogoMIPS	: 48.00
Features	: fp asimd evtstrm aes pmull sha1 sha2 crc32 atomics fphp asimdhp cpuid asimdrdm jscvt fcma lrcpc dcpop sha3 asimddp sha512 asimdfhm dit uscat ilrcpc flagm ssbs sb paca pacg dcpodp flagm2 frint
CPU implementer	: 0x61
CPU architecture: 8
CPU variant	: 0x0
CPU part	: 0x000
CPU revision	: 0

processor	: 6
BogoMIPS	: 48.00
Features	: fp asimd evtstrm aes pmull sha1 sha2 crc32 atomics fphp asimdhp cpuid asimdrdm jscvt fcma lrcpc dcpop sha3 asimddp sha512 asimdfhm dit uscat ilrcpc flagm ssbs sb paca pacg dcpodp flagm2 frint
CPU implementer	: 0x61
CPU architecture: 8
CPU variant	: 0x0
CPU part	: 0x000
CPU revision	: 0

processor	: 7
BogoMIPS	: 48.00
Features	: fp asimd evtstrm aes pmull sha1 sha2 crc32 atomics fphp asimdhp cpuid asimdrdm jscvt fcma lrcpc dcpop sha3 asimddp sha512 asimdfhm dit uscat ilrcpc flagm ssbs sb paca pacg dcpodp flagm2 frint
CPU implementer	: 0x61
CPU architecture: 8
CPU variant	: 0x0
CPU part	: 0x000
CPU revision	: 0

processor	: 8
BogoMIPS	: 48.00
Features	: fp asimd evtstrm aes pmull sha1 sha2 crc32 atomics fphp asimdhp cpuid asimdrdm jscvt fcma lrcpc dcpop sha3 asimddp sha512 asimdfhm dit uscat ilrcpc flagm ssbs sb paca pacg dcpodp flagm2 frint
CPU implementer	: 0x61
CPU architecture: 8
CPU variant	: 0x0
CPU part	: 0x000
CPU revision	: 0

processor	: 9
BogoMIPS	: 48.00
Features	: fp asimd evtstrm aes pmull sha1 sha2 crc32 atomics fphp asimdhp cpuid asimdrdm jscvt fcma lrcpc dcpop sha3 asimddp sha512 asimdfhm dit uscat ilrcpc flagm ssbs sb paca pacg dcpodp flagm2 frint
CPU implementer	: 0x61
CPU architecture: 8
CPU variant	: 0x0
CPU part	: 0x000
CPU revision	: 0

processor	: 10
BogoMIPS	: 48.00
Features	: fp asimd evtstrm aes pmull sha1 sha2 crc32 atomics fphp asimdhp cpuid asimdrdm jscvt fcma lrcpc dcpop sha3 asimddp sha512 asimdfhm dit uscat ilrcpc flagm ssbs sb paca pacg dcpodp flagm2 frint
CPU implementer	: 0x61
CPU architecture: 8
CPU variant	: 0x0
CPU part	: 0x000
CPU revision	: 0

processor	: 11
BogoMIPS	: 48.00
Features	: fp asimd evtstrm aes pmull sha1 sha2 crc32 atomics fphp asimdhp cpuid asimdrdm jscvt fcma lrcpc dcpop sha3 asimddp sha512 asimdfhm dit uscat ilrcpc flagm ssbs sb paca pacg dcpodp flagm2 frint
CPU implementer	: 0x61
CPU architecture: 8
CPU variant	: 0x0
CPU part	: 0x000
CPU revision	: 0

processor	: 12
BogoMIPS	: 48.00
Features	: fp asimd evtstrm aes pmull sha1 sha2 crc32 atomics fphp asimdhp cpuid asimdrdm jscvt fcma lrcpc dcpop sha3 asimddp sha512 asimdfhm dit uscat ilrcpc flagm ssbs sb paca pacg dcpodp flagm2 frint
CPU implementer	: 0x61
CPU architecture: 8
CPU variant	: 0x0
CPU part	: 0x000
CPU revision	: 0

processor	: 13
BogoMIPS	: 48.00
Features	: fp asimd evtstrm aes pmull sha1 sha2 crc32 atomics fphp asimdhp cpuid asimdrdm jscvt fcma lrcpc dcpop sha3 asimddp sha512 asimdfhm dit uscat ilrcpc flagm ssbs sb paca pacg dcpodp flagm2 frint
CPU implementer	: 0x61
CPU architecture: 8
CPU variant	: 0x0
CPU part	: 0x000
CPU revision	: 0

Online cpus:
0-13
Offline cpus:

BIOS frequency limitation:
<Not Available>
Frequency switch latency (ns):
<Not Available>
Available cpu frequencies:
<Not Available>
Current governor:
<Not Available>
Core performance/turbo boost:
<Not Available>

Memory: 4k page, physical 8024876k(2114980k free), swap 1048572k(1048572k free)

vm_info: OpenJDK 64-Bit Server VM (11.0.24+8-post-Ubuntu-1ubuntu322.04) for linux-amd64 JRE (11.0.24+8-post-Ubuntu-1ubuntu322.04), built on Jul 21 2024 21:19:53 by "unknown" with gcc 11.4.0

END.
